,team,minutes_played,made_field_goals,attempted_field_goals,made_three_point_field_goals,attempted_three_point_field_goals,made_free_throws,attempted_free_throws,offensive_rebounds,defensive_rebounds,assists,steals,blocks,turnovers,personal_fouls,Date
0,NEW YORK KNICKS,240,42,93,11,27,13,18,15,28,28,4,3,8,21,2019-01-01
1,DENVER NUGGETS,240,44,95,12,34,15,23,16,37,36,7,6,8,19,2019-01-01
2,PHILADELPHIA 76ERS,240,42,87,12,26,23,33,17,38,25,7,7,20,28,2019-01-01
3,LOS ANGELES CLIPPERS,240,42,91,5,25,24,34,12,29,18,12,0,13,29,2019-01-01
4,DETROIT PISTONS,240,35,92,12,33,16,21,14,29,23,7,2,14,26,2019-01-01
5,MILWAUKEE BUCKS,240,47,79,10,27,17,26,5,38,28,7,6,13,19,2019-01-01
6,PORTLAND TRAIL BLAZERS,265,39,90,9,32,26,30,10,46,22,11,10,18,19,2019-01-01
7,SACRAMENTO KINGS,265,44,115,11,33,9,12,14,39,24,13,4,13,23,2019-01-01
8,UTAH JAZZ,240,42,97,9,32,23,29,12,31,23,6,4,4,27,2019-01-01
9,TORONTO RAPTORS,240,45,82,7,20,25,35,5,40,18,4,6,9,21,2019-01-01
0,MINNESOTA TIMBERWOLVES,240,40,84,7,23,15,21,8,26,24,7,2,14,16,2019-01-02
1,BOSTON CELTICS,240,45,76,12,30,13,15,3,30,34,10,9,16,21,2019-01-02
2,NEW ORLEANS PELICANS,240,46,87,10,23,19,27,10,31,19,7,5,12,20,2019-01-02
3,BROOKLYN NETS,240,47,93,16,31,16,21,12,31,27,7,5,10,23,2019-01-02
4,ORLANDO MAGIC,240,44,76,11,26,13,18,4,37,31,5,9,13,10,2019-01-02
5,CHICAGO BULLS,240,36,86,7,20,5,8,5,27,18,8,0,11,17,2019-01-02
6,DALLAS MAVERICKS,240,44,95,18,45,16,18,12,45,31,9,4,10,14,2019-01-02
7,CHARLOTTE HORNETS,240,32,90,6,32,14,19,12,34,23,4,3,14,20,2019-01-02
8,MIAMI HEAT,240,44,86,16,31,13,17,13,34,29,8,3,13,13,2019-01-02
9,CLEVELAND CAVALIERS,240,34,75,13,31,11,13,2,20,23,8,3,12,16,2019-01-02
10,OKLAHOMA CITY THUNDER,240,40,105,7,31,20,31,17,47,22,8,5,11,24,2019-01-02
11,LOS ANGELES LAKERS,240,37,89,7,27,19,32,8,46,24,8,9,17,26,2019-01-02
12,DETROIT PISTONS,240,36,83,16,40,13,22,7,35,23,7,3,7,17,2019-01-02
13,MEMPHIS GRIZZLIES,240,36,78,4,18,18,21,8,36,21,2,5,11,22,2019-01-02
14,PHILADELPHIA 76ERS,240,40,74,11,24,41,54,8,36,27,9,3,17,30,2019-01-02
15,PHOENIX SUNS,240,43,95,11,34,30,36,13,24,22,10,3,15,34,2019-01-02
16,ATLANTA HAWKS,240,40,95,10,31,8,13,13,37,26,5,6,14,19,2019-01-02
17,WASHINGTON WIZARDS,240,43,92,11,29,17,23,10,38,29,10,2,10,20,2019-01-02
0,HOUSTON ROCKETS,265,45,99,21,54,24,28,13,35,30,8,5,10,20,2019-01-03
1,GOLDEN STATE WARRIORS,265,53,102,14,37,14,15,9,38,33,8,6,14,19,2019-01-03
2,DENVER NUGGETS,240,41,89,14,39,21,30,16,38,24,3,3,14,20,2019-01-03
3,SACRAMENTO KINGS,240,45,90,13,31,10,15,7,26,25,5,3,8,23,2019-01-03
4,TORONTO RAPTORS,240,39,87,6,30,23,29,9,30,21,9,6,10,23,2019-01-03
5,SAN ANTONIO SPURS,240,47,85,13,27,18,20,8,36,32,7,0,12,19,2019-01-03
0,DALLAS MAVERICKS,240,34,88,11,44,14,19,11,38,16,9,2,14,13,2019-01-04
1,BOSTON CELTICS,240,42,96,21,45,9,11,14,39,35,12,4,12,16,2019-01-04
2,INDIANA PACERS,265,49,93,9,28,12,17,9,31,25,7,3,13,17,2019-01-04
3,CHICAGO BULLS,265,47,91,12,28,10,13,8,32,30,10,2,17,23,2019-01-04
4,UTAH JAZZ,240,42,82,14,35,19,22,8,39,28,6,9,11,19,2019-01-04
5,CLEVELAND CAVALIERS,240,32,82,11,21,16,17,7,32,14,6,1,13,21,2019-01-04
6,NEW YORK KNICKS,240,37,99,11,37,34,41,13,43,20,12,4,6,20,2019-01-04
7,LOS ANGELES LAKERS,240,43,98,11,37,15,20,12,43,23,4,7,16,27,2019-01-04
8,BROOKLYN NETS,240,36,79,13,34,24,26,8,37,25,6,2,20,19,2019-01-04
9,MEMPHIS GRIZZLIES,240,42,93,5,24,11,15,8,32,23,9,5,13,24,2019-01-04
10,WASHINGTON WIZARDS,240,42,98,10,36,15,19,10,31,24,8,2,10,18,2019-01-04
11,MIAMI HEAT,240,44,91,9,29,18,25,11,37,28,7,6,16,18,2019-01-04
12,ATLANTA HAWKS,240,37,85,14,41,24,35,5,26,26,11,3,21,23,2019-01-04
13,MILWAUKEE BUCKS,240,55,100,14,40,20,28,12,42,36,11,8,14,26,2019-01-04
14,ORLANDO MAGIC,240,42,88,9,27,10,19,5,30,28,7,7,11,20,2019-01-04
15,MINNESOTA TIMBERWOLVES,240,47,91,9,26,17,23,10,44,29,6,2,11,20,2019-01-04
16,LOS ANGELES CLIPPERS,240,43,84,10,24,25,32,16,27,31,12,7,20,27,2019-01-04
17,PHOENIX SUNS,240,41,77,9,19,20,27,7,18,24,13,9,17,26,2019-01-04
18,OKLAHOMA CITY THUNDER,240,40,94,8,25,23,26,11,38,18,9,6,10,21,2019-01-04
19,PORTLAND TRAIL BLAZERS,240,41,95,9,31,18,21,11,39,30,6,5,12,17,2019-01-04
0,NEW ORLEANS PELICANS,240,47,81,14,27,25,29,10,34,29,13,7,14,18,2019-01-05
1,CLEVELAND CAVALIERS,240,36,88,12,33,14,18,10,24,22,12,3,17,23,2019-01-05
2,CHARLOTTE HORNETS,240,39,82,11,29,21,26,12,35,22,7,4,17,18,2019-01-05
3,DENVER NUGGETS,240,47,102,14,39,15,20,17,29,30,10,6,7,19,2019-01-05
4,UTAH JAZZ,240,39,82,7,21,25,32,7,35,24,12,6,12,23,2019-01-05
5,DETROIT PISTONS,240,39,82,11,25,16,20,5,39,18,7,2,18,23,2019-01-05
6,TORONTO RAPTORS,240,42,82,14,31,25,31,4,34,28,9,6,11,22,2019-01-05
7,MILWAUKEE BUCKS,240,40,81,14,37,22,27,4,34,29,9,2,14,20,2019-01-05
8,DALLAS MAVERICKS,240,38,88,9,31,15,23,9,40,27,4,3,15,23,2019-01-05
9,PHILADELPHIA 76ERS,240,39,83,6,26,22,33,8,41,31,7,5,10,20,2019-01-05
10,HOUSTON ROCKETS,240,39,84,13,38,10,12,10,30,13,6,5,12,22,2019-01-05
11,PORTLAND TRAIL BLAZERS,240,43,94,9,28,15,20,17,30,27,7,2,9,11,2019-01-05
12,GOLDEN STATE WARRIORS,240,47,93,21,47,12,14,12,35,29,5,8,13,16,2019-01-05
13,SACRAMENTO KINGS,240,46,97,20,36,11,14,14,29,34,12,0,8,18,2019-01-05
14,MEMPHIS GRIZZLIES,240,31,82,11,28,15,19,8,34,21,12,3,20,29,2019-01-05
15,SAN ANTONIO SPURS,240,36,73,7,22,29,35,3,40,26,10,3,15,19,2019-01-05
0,MIAMI HEAT,240,31,87,5,34,15,27,12,29,23,11,7,13,17,2019-01-06
1,ATLANTA HAWKS,240,43,91,10,24,10,13,14,45,25,7,2,17,22,2019-01-06
2,BROOKLYN NETS,240,42,83,16,46,17,22,6,32,29,6,3,9,16,2019-01-06
3,CHICAGO BULLS,240,41,88,7,18,11,15,11,33,20,6,4,12,15,2019-01-06
4,ORLANDO MAGIC,240,33,89,9,31,21,29,13,41,24,6,7,12,18,2019-01-06
5,LOS ANGELES CLIPPERS,240,40,93,8,22,18,23,11,42,20,5,5,7,21,2019-01-06
6,LOS ANGELES LAKERS,240,32,87,5,22,17,28,12,36,20,6,4,21,20,2019-01-06
7,MINNESOTA TIMBERWOLVES,240,41,89,11,32,15,21,8,42,24,10,9,14,27,2019-01-06
8,WASHINGTON WIZARDS,240,44,101,10,37,18,22,16,39,25,8,8,9,16,2019-01-06
9,OKLAHOMA CITY THUNDER,240,38,88,10,25,12,19,7,34,22,8,3,14,17,2019-01-06
10,CHARLOTTE HORNETS,240,44,91,7,25,24,34,14,32,22,9,1,15,21,2019-01-06
11,PHOENIX SUNS,240,43,83,10,25,17,19,3,33,23,8,4,14,25,2019-01-06
12,INDIANA PACERS,240,43,94,4,17,15,20,12,32,24,8,4,14,19,2019-01-06
13,TORONTO RAPTORS,240,44,85,17,33,16,17,8,33,30,9,4,15,21,2019-01-06
0,BROOKLYN NETS,240,32,79,11,42,20,22,9,38,19,5,4,23,16,2019-01-07
1,BOSTON CELTICS,240,47,93,12,32,10,12,6,37,37,13,2,13,21,2019-01-07
2,LOS ANGELES LAKERS,240,41,94,8,29,17,27,11,33,28,12,2,13,20,2019-01-07
3,DALLAS MAVERICKS,240,36,86,8,30,17,24,14,38,12,10,7,18,20,2019-01-07
4,SAN ANTONIO SPURS,240,43,79,7,20,26,32,9,29,24,5,5,9,15,2019-01-07
5,DETROIT PISTONS,240,42,85,9,32,14,17,9,28,22,5,2,10,22,2019-01-07
6,DENVER NUGGETS,240,44,93,7,29,18,21,14,32,26,7,3,14,21,2019-01-07
7,HOUSTON ROCKETS,240,38,76,22,47,27,34,4,30,28,8,3,15,23,2019-01-07
8,UTAH JAZZ,240,36,86,14,37,16,23,11,35,20,6,6,15,21,2019-01-07
9,MILWAUKEE BUCKS,240,46,98,9,25,13,16,10,36,27,10,6,10,19,2019-01-07
10,MEMPHIS GRIZZLIES,240,35,78,10,30,15,18,6,30,28,5,7,18,23,2019-01-07
11,NEW ORLEANS PELICANS,240,44,79,6,17,20,29,5,35,27,13,4,14,18,2019-01-07
12,NEW YORK KNICKS,240,36,89,7,23,22,27,14,34,18,9,2,11,19,2019-01-07
13,PORTLAND TRAIL BLAZERS,240,40,85,11,31,20,29,12,39,25,7,5,14,21,2019-01-07
14,ORLANDO MAGIC,240,32,87,13,37,18,24,5,41,15,8,1,16,15,2019-01-07
15,SACRAMENTO KINGS,240,45,98,10,34,11,20,9,48,24,11,4,9,18,2019-01-07
0,INDIANA PACERS,240,49,91,10,26,15,19,6,26,34,11,0,6,18,2019-01-08
1,CLEVELAND CAVALIERS,240,41,76,13,29,20,23,8,27,24,4,3,16,20,2019-01-08
2,NEW YORK KNICKS,240,35,88,6,24,19,21,9,30,13,11,1,16,12,2019-01-08
3,GOLDEN STATE WARRIORS,240,49,96,14,45,10,12,15,34,36,9,10,15,14,2019-01-08
4,CHARLOTTE HORNETS,240,36,90,12,33,25,29,10,33,20,5,5,11,20,2019-01-08
5,LOS ANGELES CLIPPERS,240,48,93,14,30,18,21,7,38,28,6,11,10,24,2019-01-08
6,DENVER NUGGETS,240,41,87,9,27,12,17,15,35,32,2,2,16,20,2019-01-08
7,MIAMI HEAT,240,38,83,8,31,15,25,9,29,24,9,8,6,18,2019-01-08
8,MINNESOTA TIMBERWOLVES,240,38,90,11,31,32,40,15,27,25,9,4,10,23,2019-01-08
9,OKLAHOMA CITY THUNDER,240,43,85,12,30,19,26,10,33,22,4,5,16,30,2019-01-08
10,WASHINGTON WIZARDS,240,42,84,14,32,17,21,6,28,26,14,3,16,18,2019-01-08
11,PHILADELPHIA 76ERS,240,49,88,17,33,17,25,13,36,39,10,2,19,20,2019-01-08
12,SACRAMENTO KINGS,240,38,80,15,29,20,29,12,31,26,11,5,25,19,2019-01-08
13,PHOENIX SUNS,240,45,88,10,25,15,19,9,28,31,18,7,19,25,2019-01-08
14,ATLANTA HAWKS,240,40,87,10,27,11,16,13,37,22,12,2,26,22,2019-01-08
15,TORONTO RAPTORS,240,37,80,10,32,20,27,6,33,26,18,7,18,20,2019-01-08
0,INDIANA PACERS,240,39,91,9,28,21,33,12,27,26,6,0,11,18,2019-01-09
1,BOSTON CELTICS,240,50,88,14,32,21,24,9,39,32,7,7,13,25,2019-01-09
2,ATLANTA HAWKS,240,36,99,6,35,22,25,18,34,17,8,6,19,24,2019-01-09
3,BROOKLYN NETS,240,43,95,10,30,20,26,18,36,21,10,9,18,28,2019-01-09
4,PHOENIX SUNS,240,36,84,7,25,15,21,7,30,22,10,8,15,34,2019-01-09
5,DALLAS MAVERICKS,240,30,70,12,34,32,45,8,34,21,7,5,19,17,2019-01-09
6,MILWAUKEE BUCKS,240,44,91,8,27,20,24,10,39,26,11,5,13,25,2019-01-09
7,HOUSTON ROCKETS,240,32,85,18,48,27,32,14,32,19,4,7,18,18,2019-01-09
8,DETROIT PISTONS,240,39,86,14,44,8,14,7,26,23,8,2,9,20,2019-01-09
9,LOS ANGELES LAKERS,240,46,82,8,23,13,18,9,38,30,5,6,14,17,2019-01-09
10,SAN ANTONIO SPURS,240,30,83,11,27,15,23,8,45,14,4,2,13,19,2019-01-09
11,MEMPHIS GRIZZLIES,240,37,90,8,33,14,20,9,43,22,6,8,9,22,2019-01-09
12,CLEVELAND CAVALIERS,240,42,88,14,30,26,30,9,22,27,7,3,13,30,2019-01-09
13,NEW ORLEANS PELICANS,240,46,84,12,29,36,39,11,33,33,7,7,16,21,2019-01-09
14,CHICAGO BULLS,240,43,93,9,22,17,19,10,27,22,5,3,12,18,2019-01-09
15,PORTLAND TRAIL BLAZERS,240,47,83,11,26,19,21,6,37,28,6,7,16,21,2019-01-09
16,ORLANDO MAGIC,240,33,83,13,33,14,20,7,34,17,6,4,11,20,2019-01-09
17,UTAH JAZZ,240,41,84,12,33,12,14,4,40,24,5,3,13,20,2019-01-09
18,PHILADELPHIA 76ERS,240,37,86,8,27,24,31,17,29,23,12,3,24,20,2019-01-09
19,WASHINGTON WIZARDS,240,47,87,13,27,16,21,11,28,26,16,2,18,21,2019-01-09
0,LOS ANGELES CLIPPERS,240,38,87,6,24,18,26,8,30,21,4,6,12,16,2019-01-10
1,DENVER NUGGETS,240,50,99,11,28,10,13,15,38,29,7,8,9,23,2019-01-10
2,BOSTON CELTICS,240,36,89,12,34,15,17,9,28,20,5,8,10,10,2019-01-10
3,MIAMI HEAT,240,46,96,18,39,5,8,10,41,33,7,4,8,18,2019-01-10
4,DETROIT PISTONS,240,35,82,11,38,21,24,9,28,22,13,3,19,21,2019-01-10
5,SACRAMENTO KINGS,240,44,86,9,22,15,20,11,36,29,7,8,19,22,2019-01-10
6,OKLAHOMA CITY THUNDER,290,58,114,15,35,16,24,14,35,33,8,5,13,24,2019-01-10
7,SAN ANTONIO SPURS,290,56,99,16,19,26,29,5,38,38,8,10,17,25,2019-01-10
0,CHICAGO BULLS,240,35,78,9,20,30,34,5,24,16,9,1,13,21,2019-01-11
1,GOLDEN STATE WARRIORS,240,53,92,18,39,22,26,11,38,38,6,8,12,27,2019-01-11
2,CLEVELAND CAVALIERS,240,40,89,9,33,24,26,6,33,24,12,4,13,24,2019-01-11
3,HOUSTON ROCKETS,240,46,89,20,52,29,32,8,37,28,8,9,15,18,2019-01-11
4,DALLAS MAVERICKS,240,44,97,13,38,18,24,11,32,25,7,7,7,16,2019-01-11
5,MINNESOTA TIMBERWOLVES,240,47,102,10,24,11,13,17,36,27,5,10,13,20,2019-01-11
6,INDIANA PACERS,240,49,94,12,26,11,11,11,36,30,8,1,14,15,2019-01-11
7,NEW YORK KNICKS,240,39,88,14,39,14,16,8,29,22,8,5,16,18,2019-01-11
8,ATLANTA HAWKS,240,45,81,12,25,21,27,15,29,27,7,4,21,24,2019-01-11
9,PHILADELPHIA 76ERS,240,45,87,11,33,20,27,11,19,31,13,4,15,23,2019-01-11
10,CHARLOTTE HORNETS,240,36,90,13,30,11,16,10,33,23,3,2,13,10,2019-01-11
11,PORTLAND TRAIL BLAZERS,240,52,93,15,40,8,9,7,40,31,10,16,9,20,2019-01-11
12,BROOKLYN NETS,240,37,88,11,30,20,30,9,45,20,4,4,17,21,2019-01-11
13,TORONTO RAPTORS,240,48,105,11,35,15,24,13,42,32,10,4,9,22,2019-01-11
14,LOS ANGELES LAKERS,240,37,103,5,27,16,24,16,39,14,9,5,12,23,2019-01-11
15,UTAH JAZZ,240,38,96,15,42,22,32,15,50,24,9,9,16,20,2019-01-11
16,MILWAUKEE BUCKS,240,40,89,13,40,13,17,10,33,26,8,6,15,17,2019-01-11
17,WASHINGTON WIZARDS,240,40,82,18,33,15,20,6,37,28,10,3,16,17,2019-01-11
0,DETROIT PISTONS,240,37,85,16,37,19,22,14,34,20,12,5,16,26,2019-01-12
1,LOS ANGELES CLIPPERS,240,36,74,9,18,23,29,6,32,25,7,5,17,19,2019-01-12
2,MEMPHIS GRIZZLIES,240,39,81,9,29,21,27,10,28,18,9,6,10,21,2019-01-12
3,MIAMI HEAT,240,40,80,15,31,17,24,10,28,25,7,4,14,23,2019-01-12
4,NEW ORLEANS PELICANS,240,40,87,5,24,21,24,10,38,22,7,8,15,20,2019-01-12
5,MINNESOTA TIMBERWOLVES,240,40,93,11,39,19,24,15,35,23,7,5,13,20,2019-01-12
6,SAN ANTONIO SPURS,240,44,96,10,31,14,20,13,39,21,5,7,14,18,2019-01-12
7,OKLAHOMA CITY THUNDER,240,43,93,11,23,25,29,7,40,27,10,5,7,16,2019-01-12
8,BOSTON CELTICS,240,38,90,8,32,19,28,10,36,19,7,3,8,18,2019-01-12
9,ORLANDO MAGIC,240,36,84,11,38,22,24,9,41,21,2,5,15,20,2019-01-12
10,DENVER NUGGETS,240,34,88,10,31,15,22,13,37,25,7,6,15,19,2019-01-12
11,PHOENIX SUNS,240,38,92,8,26,18,25,14,35,29,11,9,9,19,2019-01-12
12,CHARLOTTE HORNETS,240,36,88,12,36,13,22,13,43,21,6,11,18,17,2019-01-12
13,SACRAMENTO KINGS,240,41,99,14,37,8,12,12,37,27,8,5,11,21,2019-01-12
14,CHICAGO BULLS,240,40,97,7,25,15,17,10,37,24,8,7,9,19,2019-01-12
15,UTAH JAZZ,240,38,88,16,45,18,25,10,42,23,6,11,13,18,2019-01-12
0,MILWAUKEE BUCKS,240,49,92,11,30,24,33,8,31,28,13,4,14,25,2019-01-13
1,ATLANTA HAWKS,240,39,96,12,38,24,30,18,36,19,3,5,24,30,2019-01-13
2,GOLDEN STATE WARRIORS,240,45,99,19,45,10,12,16,33,26,9,8,10,22,2019-01-13
3,DALLAS MAVERICKS,240,38,91,16,38,22,29,18,33,21,5,4,12,14,2019-01-13
4,PORTLAND TRAIL BLAZERS,240,40,88,12,34,21,22,8,31,25,5,1,9,22,2019-01-13
5,DENVER NUGGETS,240,45,81,9,22,17,20,4,31,21,5,0,11,20,2019-01-13
6,CLEVELAND CAVALIERS,240,38,89,8,21,17,23,10,42,18,5,2,10,21,2019-01-13
7,LOS ANGELES LAKERS,240,36,91,7,34,16,27,13,38,21,4,5,11,22,2019-01-13
8,PHILADELPHIA 76ERS,240,40,87,6,20,22,30,12,44,22,4,9,16,21,2019-01-13
9,NEW YORK KNICKS,240,37,86,10,31,21,30,7,27,24,8,5,10,21,2019-01-13
10,HOUSTON ROCKETS,240,38,86,10,42,23,27,9,29,20,7,1,10,21,2019-01-13
11,ORLANDO MAGIC,240,41,85,9,24,25,28,12,33,25,6,2,11,21,2019-01-13
12,TORONTO RAPTORS,290,49,104,13,36,29,36,17,42,24,16,8,21,27,2019-01-13
13,WASHINGTON WIZARDS,290,54,118,19,44,11,18,17,34,36,11,7,20,28,2019-01-13
0,BOSTON CELTICS,240,37,91,11,36,17,23,10,31,21,10,8,10,21,2019-01-14
1,BROOKLYN NETS,240,37,86,13,38,22,25,13,42,18,5,7,17,20,2019-01-14
2,MEMPHIS GRIZZLIES,240,36,71,10,22,12,22,9,34,31,5,5,24,20,2019-01-14
3,HOUSTON ROCKETS,240,37,84,18,48,20,22,7,29,17,12,3,13,20,2019-01-14
4,NEW ORLEANS PELICANS,240,46,105,8,25,21,28,15,34,28,8,7,6,19,2019-01-14
5,LOS ANGELES CLIPPERS,240,41,86,18,36,17,24,8,42,34,4,7,16,21,2019-01-14
6,PORTLAND TRAIL BLAZERS,240,37,92,10,31,23,29,17,32,22,6,3,14,23,2019-01-14
7,SACRAMENTO KINGS,240,43,87,10,26,19,24,11,37,24,6,6,13,23,2019-01-14
8,CHARLOTTE HORNETS,240,43,92,13,36,9,11,8,37,24,7,4,7,14,2019-01-14
9,SAN ANTONIO SPURS,240,38,82,7,20,10,12,3,33,21,4,6,12,15,2019-01-14
10,DETROIT PISTONS,240,35,90,11,36,13,16,5,33,16,13,4,9,27,2019-01-14
11,UTAH JAZZ,240,31,80,12,37,26,36,11,44,20,5,3,17,18,2019-01-14
0,OKLAHOMA CITY THUNDER,240,43,94,9,32,31,41,15,25,22,16,3,12,18,2019-01-15
1,ATLANTA HAWKS,240,56,90,18,37,12,16,10,34,36,8,4,18,28,2019-01-15
2,GOLDEN STATE WARRIORS,240,57,95,21,39,7,10,12,38,38,6,4,10,20,2019-01-15
3,DENVER NUGGETS,240,42,92,14,34,13,16,9,27,30,4,3,8,12,2019-01-15
4,PHOENIX SUNS,240,40,95,8,27,9,18,10,33,26,8,6,19,30,2019-01-15
5,INDIANA PACERS,240,46,89,12,25,27,36,9,43,31,11,7,14,17,2019-01-15
6,CHICAGO BULLS,240,37,92,9,31,17,24,13,33,21,11,6,13,26,2019-01-15
7,LOS ANGELES LAKERS,240,38,82,8,26,23,34,13,38,21,7,4,17,18,2019-01-15
8,MIAMI HEAT,240,36,86,8,34,6,8,4,39,27,2,6,17,14,2019-01-15
9,MILWAUKEE BUCKS,240,48,96,17,39,11,18,7,46,35,8,6,7,12,2019-01-15
10,MINNESOTA TIMBERWOLVES,240,35,90,8,23,29,35,9,25,18,10,2,11,19,2019-01-15
11,PHILADELPHIA 76ERS,240,55,92,21,43,18,21,8,46,40,6,11,15,29,2019-01-15
0,TORONTO RAPTORS,240,41,92,7,29,19,21,14,28,20,9,2,10,14,2019-01-16
1,BOSTON CELTICS,240,46,92,14,30,11,13,14,35,32,7,6,14,24,2019-01-16
2,SAN ANTONIO SPURS,240,41,83,13,30,10,12,11,25,26,9,6,9,19,2019-01-16
3,DALLAS MAVERICKS,240,37,86,15,42,12,16,13,29,22,6,3,13,14,2019-01-16
4,ORLANDO MAGIC,265,47,94,14,39,7,13,8,29,29,6,3,11,21,2019-01-16
5,DETROIT PISTONS,265,44,92,12,30,20,25,14,33,26,4,4,10,16,2019-01-16
6,NEW ORLEANS PELICANS,240,47,98,19,37,27,33,7,42,36,6,5,10,23,2019-01-16
7,GOLDEN STATE WARRIORS,240,49,102,24,49,25,31,10,47,33,8,5,10,24,2019-01-16
8,BROOKLYN NETS,265,56,108,16,36,17,22,16,41,29,4,3,13,25,2019-01-16
9,HOUSTON ROCKETS,265,45,105,23,70,29,34,10,37,18,7,8,8,24,2019-01-16
10,UTAH JAZZ,240,44,86,11,33,30,37,8,40,27,9,7,13,15,2019-01-16
11,LOS ANGELES CLIPPERS,240,45,98,10,22,9,14,11,30,24,8,1,12,24,2019-01-16
12,MILWAUKEE BUCKS,240,40,84,12,34,19,22,5,45,27,9,8,15,25,2019-01-16
13,MEMPHIS GRIZZLIES,240,37,95,10,31,17,25,13,35,29,11,9,14,15,2019-01-16
14,CLEVELAND CAVALIERS,240,45,95,6,19,16,19,12,29,17,0,5,3,18,2019-01-16
15,PORTLAND TRAIL BLAZERS,240,47,89,16,29,19,23,7,34,28,1,6,4,17,2019-01-16
0,SACRAMENTO KINGS,240,39,88,11,33,6,13,11,31,28,7,3,17,22,2019-01-17
1,CHARLOTTE HORNETS,240,39,87,11,38,25,29,12,34,21,11,4,13,16,2019-01-17
2,CHICAGO BULLS,240,44,93,10,28,7,11,16,29,27,3,3,12,21,2019-01-17
3,DENVER NUGGETS,240,50,96,20,40,15,20,13,32,34,6,2,7,16,2019-01-17
4,PHILADELPHIA 76ERS,240,46,87,18,34,10,11,9,42,38,8,6,16,10,2019-01-17
5,INDIANA PACERS,240,39,97,9,29,9,12,12,28,23,9,3,12,14,2019-01-17
6,LOS ANGELES LAKERS,265,50,99,19,40,19,21,14,49,37,11,5,23,24,2019-01-17
7,OKLAHOMA CITY THUNDER,265,41,104,22,54,24,36,15,29,31,10,4,15,22,2019-01-17
8,PHOENIX SUNS,240,36,84,9,30,28,36,15,31,18,9,8,16,21,2019-01-17
9,TORONTO RAPTORS,240,43,86,7,28,18,25,9,30,27,8,8,14,27,2019-01-17
10,NEW YORK KNICKS,240,39,87,12,29,10,12,6,36,15,6,3,14,16,2019-01-17
11,WASHINGTON WIZARDS,240,40,92,7,27,14,20,15,36,23,9,2,13,10,2019-01-17
0,MEMPHIS GRIZZLIES,240,41,92,16,35,18,20,9,30,33,11,5,9,22,2019-01-18
1,BOSTON CELTICS,240,44,86,17,38,17,22,10,42,29,5,9,17,20,2019-01-18
2,MIAMI HEAT,240,39,77,10,29,5,19,7,38,25,3,6,19,20,2019-01-18
3,DETROIT PISTONS,240,35,82,13,33,15,18,8,34,23,7,2,11,20,2019-01-18
4,GOLDEN STATE WARRIORS,240,42,86,9,37,19,27,3,40,31,11,8,10,24,2019-01-18
5,LOS ANGELES CLIPPERS,240,31,85,4,25,28,35,12,40,11,6,4,18,30,2019-01-18
6,SAN ANTONIO SPURS,240,41,82,11,24,23,29,9,32,24,3,4,16,25,2019-01-18
7,MINNESOTA TIMBERWOLVES,240,37,84,7,26,32,38,10,34,21,5,3,11,28,2019-01-18
8,BROOKLYN NETS,240,44,97,19,46,10,15,9,32,24,5,5,11,19,2019-01-18
9,ORLANDO MAGIC,240,47,94,10,26,11,14,12,37,26,5,6,13,18,2019-01-18
10,NEW ORLEANS PELICANS,240,41,84,8,25,22,27,7,34,23,4,6,12,24,2019-01-18
11,PORTLAND TRAIL BLAZERS,240,48,103,11,34,21,26,18,35,30,8,3,6,22,2019-01-18
12,CLEVELAND CAVALIERS,240,36,87,7,24,20,26,6,31,16,9,3,14,19,2019-01-18
13,UTAH JAZZ,240,44,85,13,37,14,15,8,40,33,6,5,19,22,2019-01-18
0,BOSTON CELTICS,240,39,88,12,32,23,25,11,32,19,10,8,15,18,2019-01-19
1,ATLANTA HAWKS,240,40,92,12,41,13,14,13,36,28,8,6,20,20,2019-01-19
2,MIAMI HEAT,240,45,79,13,32,14,23,7,39,27,5,6,17,23,2019-01-19
3,CHICAGO BULLS,240,35,89,12,27,21,26,12,31,19,9,1,13,25,2019-01-19
4,PHOENIX SUNS,240,39,87,11,33,26,33,7,19,21,7,7,7,26,2019-01-19
5,CHARLOTTE HORNETS,240,48,88,16,34,23,27,14,39,31,5,8,16,26,2019-01-19
6,CLEVELAND CAVALIERS,240,35,72,10,29,22,26,5,23,20,5,1,12,15,2019-01-19
7,DENVER NUGGETS,240,50,89,15,37,9,11,12,31,33,7,2,11,25,2019-01-19
8,SACRAMENTO KINGS,240,40,89,10,25,13,18,11,28,30,5,5,11,20,2019-01-19
9,DETROIT PISTONS,240,36,82,10,29,19,25,13,33,21,6,2,14,23,2019-01-19
10,LOS ANGELES LAKERS,265,50,96,10,37,24,30,13,43,27,6,4,15,27,2019-01-19
11,HOUSTON ROCKETS,265,42,100,25,68,29,36,12,27,23,9,4,12,27,2019-01-19
12,DALLAS MAVERICKS,240,37,88,9,37,16,20,14,30,21,5,4,13,18,2019-01-19
13,INDIANA PACERS,240,42,85,8,24,19,24,11,34,23,6,4,11,22,2019-01-19
14,MILWAUKEE BUCKS,240,47,85,12,30,12,15,4,42,22,7,7,13,14,2019-01-19
15,ORLANDO MAGIC,240,44,93,14,32,6,9,5,27,31,5,3,8,15,2019-01-19
16,OKLAHOMA CITY THUNDER,240,41,93,12,31,23,26,11,34,20,10,6,10,24,2019-01-19
17,PHILADELPHIA 76ERS,240,38,81,11,32,28,39,12,35,28,6,7,17,20,2019-01-19
18,MEMPHIS GRIZZLIES,240,34,80,10,29,12,15,10,32,21,7,3,24,13,2019-01-19
19,TORONTO RAPTORS,240,44,90,17,36,14,16,8,29,31,19,8,10,17,2019-01-19
0,CHARLOTTE HORNETS,240,33,82,12,35,17,25,7,37,20,5,6,16,14,2019-01-20
1,INDIANA PACERS,240,47,100,14,27,12,12,12,39,34,10,7,8,18,2019-01-20
2,PHOENIX SUNS,240,40,86,12,39,22,32,9,29,22,9,5,15,27,2019-01-20
3,MINNESOTA TIMBERWOLVES,240,39,91,6,24,32,40,12,33,22,8,4,15,26,2019-01-20
4,LOS ANGELES CLIPPERS,240,39,85,11,21,14,24,4,37,23,11,2,11,18,2019-01-20
5,SAN ANTONIO SPURS,240,39,84,8,19,9,17,10,41,21,6,8,18,25,2019-01-20
0,ORLANDO MAGIC,240,46,91,11,29,19,21,9,36,29,8,8,11,22,2019-01-21
1,ATLANTA HAWKS,240,39,86,9,30,16,23,9,35,23,5,3,13,24,2019-01-21
2,MIAMI HEAT,240,36,86,11,35,16,18,10,28,25,11,5,19,16,2019-01-21
3,BOSTON CELTICS,240,43,87,12,30,9,10,8,28,26,13,7,19,21,2019-01-21
4,SACRAMENTO KINGS,240,39,93,10,25,6,11,10,27,26,8,4,14,20,2019-01-21
5,BROOKLYN NETS,240,45,90,13,35,20,24,12,44,25,9,4,16,15,2019-01-21
6,CHICAGO BULLS,240,36,76,15,30,17,22,8,42,24,8,2,18,26,2019-01-21
7,CLEVELAND CAVALIERS,240,31,87,6,27,20,29,11,27,16,8,4,14,18,2019-01-21
8,GOLDEN STATE WARRIORS,240,50,98,16,37,14,19,13,37,41,8,6,10,27,2019-01-21
9,LOS ANGELES LAKERS,240,42,84,5,20,22,38,7,35,20,1,4,14,19,2019-01-21
10,NEW ORLEANS PELICANS,240,39,74,9,26,18,26,7,43,19,8,7,19,17,2019-01-21
11,MEMPHIS GRIZZLIES,240,33,88,9,35,10,17,10,25,21,10,1,11,19,2019-01-21
12,DALLAS MAVERICKS,240,41,99,14,40,10,17,11,37,24,7,11,11,19,2019-01-21
13,MILWAUKEE BUCKS,240,42,91,12,32,20,22,8,43,21,9,7,14,19,2019-01-21
14,OKLAHOMA CITY THUNDER,240,45,83,15,29,22,27,10,39,26,7,2,18,31,2019-01-21
15,NEW YORK KNICKS,240,39,87,7,23,24,32,11,25,25,8,3,12,23,2019-01-21
16,HOUSTON ROCKETS,240,31,86,11,42,20,26,6,32,14,9,6,12,25,2019-01-21
17,PHILADELPHIA 76ERS,240,43,88,8,23,27,33,10,45,21,9,14,13,22,2019-01-21
18,PORTLAND TRAIL BLAZERS,240,45,90,8,18,11,15,7,37,30,6,9,8,22,2019-01-21
19,UTAH JAZZ,240,36,91,7,33,25,31,13,35,21,5,8,15,19,2019-01-21
20,DETROIT PISTONS,240,31,77,11,34,14,18,2,38,22,5,3,17,21,2019-01-21
21,WASHINGTON WIZARDS,240,36,79,8,23,21,27,5,40,24,7,6,13,18,2019-01-21
0,LOS ANGELES CLIPPERS,240,33,91,10,36,22,29,14,27,19,4,4,7,26,2019-01-22
1,DALLAS MAVERICKS,240,38,81,10,34,20,29,9,39,21,5,6,11,25,2019-01-22
2,PORTLAND TRAIL BLAZERS,240,43,95,10,36,18,22,20,32,21,7,3,19,20,2019-01-22
3,OKLAHOMA CITY THUNDER,240,43,85,11,23,26,33,9,28,26,16,4,10,20,2019-01-22
4,MINNESOTA TIMBERWOLVES,240,45,103,15,42,13,19,20,44,30,7,1,14,18,2019-01-22
5,PHOENIX SUNS,240,37,87,7,34,10,18,5,29,23,6,9,13,17,2019-01-22
6,SACRAMENTO KINGS,240,41,91,7,21,16,22,10,33,29,8,7,14,27,2019-01-22
7,TORONTO RAPTORS,240,40,91,16,40,24,35,12,34,25,7,5,16,21,2019-01-22
0,CLEVELAND CAVALIERS,240,38,87,13,30,14,20,15,29,20,4,4,20,18,2019-01-23
1,BOSTON CELTICS,240,45,86,12,25,21,23,9,34,25,12,5,14,20,2019-01-23
2,ORLANDO MAGIC,240,38,89,11,34,23,28,11,31,22,7,11,13,19,2019-01-23
3,BROOKLYN NETS,240,43,90,10,32,18,23,12,33,20,7,2,16,22,2019-01-23
4,ATLANTA HAWKS,240,45,90,15,40,16,21,16,35,31,11,2,17,20,2019-01-23
5,CHICAGO BULLS,240,35,79,8,26,23,27,7,30,20,7,6,15,21,2019-01-23
6,TORONTO RAPTORS,240,38,92,12,39,18,23,10,35,28,2,5,9,22,2019-01-23
7,INDIANA PACERS,240,40,92,9,26,21,25,12,36,27,6,7,6,23,2019-01-23
8,CHARLOTTE HORNETS,240,41,77,12,30,24,31,5,32,23,8,2,9,19,2019-01-23
9,MEMPHIS GRIZZLIES,240,38,81,9,31,22,24,6,32,25,8,3,10,25,2019-01-23
10,LOS ANGELES CLIPPERS,240,45,85,7,22,14,21,7,34,23,5,3,7,20,2019-01-23
11,MIAMI HEAT,240,39,83,8,28,13,22,12,28,23,3,3,14,19,2019-01-23
12,DETROIT PISTONS,240,36,89,13,39,13,19,9,40,24,5,3,9,15,2019-01-23
13,NEW ORLEANS PELICANS,240,42,91,6,22,4,9,8,41,20,3,9,12,18,2019-01-23
14,HOUSTON ROCKETS,240,37,90,11,44,29,38,15,29,10,15,10,12,25,2019-01-23
15,NEW YORK KNICKS,240,37,81,11,30,25,30,10,38,15,5,7,18,23,2019-01-23
16,SAN ANTONIO SPURS,240,47,82,13,27,13,15,5,31,24,8,6,15,15,2019-01-23
17,PHILADELPHIA 76ERS,240,47,93,17,36,11,14,13,29,35,9,5,11,14,2019-01-23
18,DENVER NUGGETS,240,42,88,8,27,16,20,12,38,20,7,9,14,25,2019-01-23
19,UTAH JAZZ,240,38,88,19,46,19,27,12,28,28,7,7,13,20,2019-01-23
0,MINNESOTA TIMBERWOLVES,240,44,102,10,33,22,25,22,33,24,8,3,12,15,2019-01-24
1,LOS ANGELES LAKERS,240,44,87,8,28,9,14,9,30,28,5,5,19,23,2019-01-24
2,NEW ORLEANS PELICANS,240,49,101,10,36,8,12,8,34,34,7,6,12,16,2019-01-24
3,OKLAHOMA CITY THUNDER,240,50,101,14,32,8,16,14,43,33,8,2,14,15,2019-01-24
4,PORTLAND TRAIL BLAZERS,240,44,94,12,26,20,20,14,39,25,8,8,16,24,2019-01-24
5,PHOENIX SUNS,240,36,88,13,38,21,27,9,30,19,9,4,16,22,2019-01-24
6,GOLDEN STATE WARRIORS,240,50,88,7,20,19,21,8,42,34,5,6,15,21,2019-01-24
7,WASHINGTON WIZARDS,240,44,95,15,42,15,21,9,27,29,7,2,10,22,2019-01-24
0,NEW YORK KNICKS,240,37,87,8,31,17,26,6,27,17,12,11,8,31,2019-01-25
1,BROOKLYN NETS,240,34,84,9,33,32,47,18,42,19,5,2,19,21,2019-01-25
2,LOS ANGELES CLIPPERS,240,38,82,8,21,22,29,5,45,27,3,4,16,14,2019-01-25
3,CHICAGO BULLS,240,40,102,10,35,11,12,12,37,20,11,5,8,23,2019-01-25
4,MIAMI HEAT,240,37,79,9,23,17,25,11,36,19,6,4,14,18,2019-01-25
5,CLEVELAND CAVALIERS,240,37,85,10,30,10,13,9,33,23,8,2,13,21,2019-01-25
6,DETROIT PISTONS,240,35,85,12,38,19,25,13,33,22,6,0,12,26,2019-01-25
7,DALLAS MAVERICKS,240,37,81,14,36,18,30,9,34,24,8,6,9,25,2019-01-25
8,PHOENIX SUNS,240,32,76,7,30,24,26,2,33,20,4,7,15,25,2019-01-25
9,DENVER NUGGETS,240,47,94,15,36,23,29,16,41,26,9,1,12,20,2019-01-25
10,TORONTO RAPTORS,240,44,91,14,36,17,18,12,35,27,4,1,19,25,2019-01-25
11,HOUSTON ROCKETS,240,41,91,10,46,29,33,12,28,17,11,5,12,21,2019-01-25
12,SACRAMENTO KINGS,240,37,91,12,33,13,17,12,37,23,11,5,17,25,2019-01-25
13,MEMPHIS GRIZZLIES,240,34,80,6,20,22,27,9,35,22,13,5,16,22,2019-01-25
14,CHARLOTTE HORNETS,240,36,90,10,39,17,25,12,41,20,4,2,17,19,2019-01-25
15,MILWAUKEE BUCKS,240,41,89,6,31,20,23,6,40,17,9,6,11,18,2019-01-25
16,WASHINGTON WIZARDS,240,35,79,15,27,10,12,5,33,26,9,1,12,15,2019-01-25
17,ORLANDO MAGIC,240,38,84,7,33,8,12,13,39,24,3,4,16,10,2019-01-25
18,MINNESOTA TIMBERWOLVES,240,38,90,8,26,18,21,12,38,20,5,5,14,22,2019-01-25
19,UTAH JAZZ,240,37,94,13,40,19,25,16,31,25,9,8,11,19,2019-01-25
0,GOLDEN STATE WARRIORS,240,37,83,12,33,29,34,11,42,25,8,7,14,19,2019-01-26
1,BOSTON CELTICS,240,41,99,15,40,14,15,15,34,23,6,4,14,22,2019-01-26
2,PHILADELPHIA 76ERS,240,38,91,14,36,20,27,11,30,29,7,2,12,24,2019-01-26
3,DENVER NUGGETS,240,48,94,8,24,22,29,11,40,27,4,4,10,21,2019-01-26
4,INDIANA PACERS,240,32,74,9,27,30,36,7,33,20,7,5,17,26,2019-01-26
5,MEMPHIS GRIZZLIES,240,39,80,9,28,19,28,8,28,29,8,5,12,24,2019-01-26
6,SAN ANTONIO SPURS,240,47,91,11,24,21,25,9,42,30,5,3,9,19,2019-01-26
7,NEW ORLEANS PELICANS,240,45,96,7,27,17,24,10,31,26,6,6,8,18,2019-01-26
8,ATLANTA HAWKS,240,42,92,12,33,15,20,9,27,24,9,7,10,27,2019-01-26
9,PORTLAND TRAIL BLAZERS,240,41,82,11,30,27,30,11,36,26,8,7,18,23,2019-01-26
0,CLEVELAND CAVALIERS,240,39,92,13,34,13,15,12,40,26,5,3,8,13,2019-01-27
1,CHICAGO BULLS,240,39,88,9,26,14,17,8,39,22,5,8,10,17,2019-01-27
2,TORONTO RAPTORS,240,37,83,17,34,32,38,8,36,24,6,5,7,27,2019-01-27
3,DALLAS MAVERICKS,240,43,88,11,36,23,34,7,36,25,5,2,11,29,2019-01-27
4,ORLANDO MAGIC,240,39,97,10,35,10,17,18,38,23,10,4,13,18,2019-01-27
5,HOUSTON ROCKETS,240,38,80,12,36,15,21,3,36,20,8,7,13,19,2019-01-27
6,SACRAMENTO KINGS,240,37,93,8,36,26,30,15,29,18,12,6,12,26,2019-01-27
7,LOS ANGELES CLIPPERS,240,42,88,11,29,27,29,14,38,35,6,1,18,28,2019-01-27
8,PHOENIX SUNS,240,34,85,7,26,27,32,15,25,19,8,9,16,20,2019-01-27
9,LOS ANGELES LAKERS,240,47,89,10,23,12,18,14,27,28,8,10,16,30,2019-01-27
10,UTAH JAZZ,240,46,86,15,39,18,25,6,30,30,8,5,9,17,2019-01-27
11,MINNESOTA TIMBERWOLVES,240,37,77,17,36,20,23,5,30,22,7,4,16,22,2019-01-27
12,MIAMI HEAT,240,39,84,12,33,16,18,8,39,26,6,5,15,24,2019-01-27
13,NEW YORK KNICKS,240,36,84,7,26,18,24,7,31,22,13,3,11,20,2019-01-27
14,MILWAUKEE BUCKS,240,39,91,15,37,19,28,9,40,22,6,5,14,22,2019-01-27
15,OKLAHOMA CITY THUNDER,240,44,94,16,32,14,25,11,41,29,5,10,11,21,2019-01-27
16,WASHINGTON WIZARDS,240,40,89,18,46,21,29,8,24,32,11,0,9,18,2019-01-27
17,SAN ANTONIO SPURS,240,49,86,16,34,18,21,7,42,31,6,4,15,20,2019-01-27
0,BROOKLYN NETS,240,39,103,13,34,13,16,16,32,20,10,5,17,20,2019-01-28
1,BOSTON CELTICS,240,45,100,13,40,9,10,16,36,29,11,16,17,16,2019-01-28
2,NEW YORK KNICKS,240,34,85,7,23,17,26,8,38,19,6,6,8,15,2019-01-28
3,CHARLOTTE HORNETS,240,39,94,11,34,12,16,13,38,25,4,10,10,20,2019-01-28
4,GOLDEN STATE WARRIORS,240,53,98,13,31,13,16,13,35,39,9,7,12,19,2019-01-28
5,INDIANA PACERS,240,40,94,12,30,8,10,10,28,29,4,5,15,18,2019-01-28
6,ATLANTA HAWKS,240,44,87,10,34,25,29,15,29,28,7,6,17,25,2019-01-28
7,LOS ANGELES CLIPPERS,240,41,85,10,27,26,28,13,25,27,10,4,16,26,2019-01-28
8,DENVER NUGGETS,240,37,84,8,36,13,14,9,28,17,10,2,15,18,2019-01-28
9,MEMPHIS GRIZZLIES,240,35,78,9,32,13,19,9,33,26,5,7,19,22,2019-01-28
0,CHICAGO BULLS,240,47,94,9,28,14,19,5,45,17,6,8,17,29,2019-01-29
1,BROOKLYN NETS,240,42,94,10,35,28,40,7,36,25,11,2,8,21,2019-01-29
2,WASHINGTON WIZARDS,240,42,87,12,36,17,23,3,33,31,8,1,6,22,2019-01-29
3,CLEVELAND CAVALIERS,240,45,84,15,34,11,24,7,41,30,3,2,15,21,2019-01-29
4,MILWAUKEE BUCKS,240,47,87,13,32,8,10,6,33,32,9,6,10,15,2019-01-29
5,DETROIT PISTONS,240,42,89,12,37,9,12,10,29,29,8,3,11,14,2019-01-29
6,NEW ORLEANS PELICANS,240,46,90,9,31,20,25,13,42,27,8,9,17,17,2019-01-29
7,HOUSTON ROCKETS,240,40,101,19,56,17,24,15,30,22,11,5,12,20,2019-01-29
8,PHILADELPHIA 76ERS,240,42,93,15,36,22,28,12,32,33,15,6,12,15,2019-01-29
9,LOS ANGELES LAKERS,240,43,92,7,23,12,16,14,35,26,7,4,21,20,2019-01-29
10,OKLAHOMA CITY THUNDER,240,49,91,9,21,19,26,6,37,25,7,8,7,16,2019-01-29
11,ORLANDO MAGIC,240,44,102,14,41,15,18,18,35,26,4,5,12,18,2019-01-29
12,PHOENIX SUNS,240,48,80,13,29,15,19,3,35,26,8,5,18,22,2019-01-29
13,SAN ANTONIO SPURS,240,47,100,15,34,17,20,14,22,29,9,4,11,15,2019-01-29
0,CHARLOTTE HORNETS,240,39,89,13,40,3,7,7,24,20,7,5,12,17,2019-01-30
1,BOSTON CELTICS,240,50,90,12,29,14,16,12,41,34,10,7,10,14,2019-01-30
2,CHICAGO BULLS,240,40,78,8,19,17,21,5,35,26,6,3,12,20,2019-01-30
3,MIAMI HEAT,240,34,89,12,42,9,13,15,32,22,6,2,14,20,2019-01-30
4,MEMPHIS GRIZZLIES,265,36,87,6,23,19,22,14,37,21,3,7,18,27,2019-01-30
5,MINNESOTA TIMBERWOLVES,265,37,95,8,35,17,22,11,30,25,12,3,10,24,2019-01-30
6,DENVER NUGGETS,240,42,89,9,30,12,19,6,37,31,10,7,9,17,2019-01-30
7,NEW ORLEANS PELICANS,240,37,89,15,36,10,13,8,40,27,4,4,14,20,2019-01-30
8,DALLAS MAVERICKS,240,45,84,15,38,9,11,7,42,31,4,1,18,19,2019-01-30
9,NEW YORK KNICKS,240,32,78,6,26,20,28,5,29,16,10,5,12,15,2019-01-30
10,UTAH JAZZ,240,38,85,11,34,18,21,8,28,24,9,4,16,22,2019-01-30
11,PORTLAND TRAIL BLAZERS,240,48,90,16,32,20,23,11,35,28,7,5,13,17,2019-01-30
12,ATLANTA HAWKS,240,38,86,16,46,21,25,9,27,24,7,3,20,19,2019-01-30
13,SACRAMENTO KINGS,240,54,99,11,35,16,21,15,38,36,7,2,14,24,2019-01-30
14,INDIANA PACERS,240,33,84,9,31,14,18,10,29,27,6,3,15,21,2019-01-30
15,WASHINGTON WIZARDS,240,41,78,12,28,13,21,8,33,27,8,4,14,24,2019-01-30
0,DALLAS MAVERICKS,240,36,88,7,25,10,14,11,33,18,2,5,10,21,2019-01-31
1,DETROIT PISTONS,240,33,86,9,33,18,23,15,37,21,5,5,11,24,2019-01-31
2,PHILADELPHIA 76ERS,240,41,88,12,37,19,24,16,33,30,11,5,19,19,2019-01-31
3,GOLDEN STATE WARRIORS,240,41,88,11,38,11,16,9,28,30,13,7,15,19,2019-01-31
4,LOS ANGELES LAKERS,265,42,92,11,26,28,35,7,49,28,7,4,16,24,2019-01-31
5,LOS ANGELES CLIPPERS,265,46,104,14,43,14,26,12,39,26,11,8,8,27,2019-01-31
6,INDIANA PACERS,240,41,91,4,19,14,16,6,36,26,8,2,9,18,2019-01-31
7,ORLANDO MAGIC,240,38,82,11,25,20,22,9,39,25,4,5,15,19,2019-01-31
8,BROOKLYN NETS,240,42,89,11,34,19,29,5,41,30,5,7,14,23,2019-01-31
9,SAN ANTONIO SPURS,240,40,100,12,33,25,29,13,37,23,6,3,9,21,2019-01-31
10,MILWAUKEE BUCKS,240,39,79,14,38,13,17,7,43,21,13,6,18,16,2019-01-31
11,TORONTO RAPTORS,240,37,93,7,27,11,13,8,31,16,9,4,16,20,2019-01-31
0,MEMPHIS GRIZZLIES,240,35,80,9,29,13,17,9,31,23,8,3,11,22,2019-02-01
1,CHARLOTTE HORNETS,240,32,73,12,29,24,28,6,34,15,6,7,12,17,2019-02-01
2,HOUSTON ROCKETS,240,45,85,16,44,16,21,11,19,23,6,3,10,24,2019-02-01
3,DENVER NUGGETS,240,51,82,14,31,20,23,10,26,37,7,4,8,14,2019-02-01
4,OKLAHOMA CITY THUNDER,240,44,91,16,30,14,19,13,37,23,10,4,15,20,2019-02-01
5,MIAMI HEAT,240,41,92,11,36,9,14,11,36,28,7,2,17,17,2019-02-01
6,BOSTON CELTICS,240,46,100,13,37,8,10,11,32,25,11,7,7,18,2019-02-01
7,NEW YORK KNICKS,240,39,86,9,31,12,12,8,40,21,2,2,17,15,2019-02-01
8,ATLANTA HAWKS,240,39,98,14,46,20,24,8,32,23,11,4,11,27,2019-02-01
9,UTAH JAZZ,240,46,87,12,35,24,30,11,40,31,4,6,15,22,2019-02-01
0,CHICAGO BULLS,240,42,81,9,24,25,25,8,31,20,4,2,10,20,2019-02-02
1,CHARLOTTE HORNETS,240,43,82,14,32,25,29,9,27,25,6,2,6,21,2019-02-02
2,DALLAS MAVERICKS,240,40,84,16,39,15,19,9,41,20,2,4,13,26,2019-02-02
3,CLEVELAND CAVALIERS,240,34,85,4,23,26,33,11,33,20,7,2,6,22,2019-02-02
4,LOS ANGELES CLIPPERS,240,40,82,10,20,21,34,11,36,22,5,4,12,24,2019-02-02
5,DETROIT PISTONS,240,35,83,17,42,14,20,7,31,21,6,4,14,27,2019-02-02
6,LOS ANGELES LAKERS,240,42,96,7,27,10,17,13,36,23,5,4,15,18,2019-02-02
7,GOLDEN STATE WARRIORS,240,43,91,11,34,18,19,7,37,31,4,9,10,17,2019-02-02
8,INDIANA PACERS,240,38,89,7,24,12,17,14,29,26,15,4,13,20,2019-02-02
9,MIAMI HEAT,240,30,71,9,30,19,26,10,33,21,8,4,23,19,2019-02-02
10,DENVER NUGGETS,240,42,89,13,33,10,14,15,33,29,3,7,10,16,2019-02-02
11,MINNESOTA TIMBERWOLVES,240,42,89,11,34,11,16,8,33,27,6,4,8,15,2019-02-02
12,BROOKLYN NETS,240,33,91,10,38,13,16,8,42,23,6,2,18,11,2019-02-02
13,ORLANDO MAGIC,240,41,94,10,27,10,12,7,42,25,11,8,14,17,2019-02-02
14,ATLANTA HAWKS,240,43,84,14,32,18,26,16,37,21,6,5,24,18,2019-02-02
15,PHOENIX SUNS,240,45,96,12,32,10,18,10,27,31,15,5,10,23,2019-02-02
16,PHILADELPHIA 76ERS,240,41,93,7,33,19,25,14,32,19,9,5,13,22,2019-02-02
17,SACRAMENTO KINGS,240,42,92,11,30,20,24,12,38,22,9,2,16,19,2019-02-02
18,NEW ORLEANS PELICANS,240,43,96,10,35,12,12,5,37,26,6,4,8,16,2019-02-02
19,SAN ANTONIO SPURS,240,44,92,9,23,16,18,10,40,29,5,2,11,16,2019-02-02
20,HOUSTON ROCKETS,240,40,87,15,39,30,37,8,40,17,15,8,14,29,2019-02-02
21,UTAH JAZZ,240,31,86,11,41,25,36,14,37,19,8,9,20,21,2019-02-02
22,MILWAUKEE BUCKS,240,45,91,17,39,24,24,6,40,30,10,4,11,19,2019-02-02
23,WASHINGTON WIZARDS,240,43,93,10,33,19,26,12,34,28,6,6,12,19,2019-02-02
0,OKLAHOMA CITY THUNDER,240,45,92,14,35,25,34,11,31,25,12,5,11,18,2019-02-03
1,BOSTON CELTICS,240,54,91,13,34,13,17,5,33,36,8,6,14,22,2019-02-03
2,MEMPHIS GRIZZLIES,240,37,91,9,26,13,18,10,39,25,8,4,7,20,2019-02-03
3,NEW YORK KNICKS,240,28,74,12,40,16,22,6,39,20,4,6,15,16,2019-02-03
4,LOS ANGELES CLIPPERS,240,38,89,2,12,25,29,7,29,15,7,7,13,24,2019-02-03
5,TORONTO RAPTORS,240,43,94,9,33,26,31,16,40,21,10,5,14,28,2019-02-03
0,MILWAUKEE BUCKS,240,43,101,10,39,17,25,15,44,29,9,7,9,20,2019-02-04
1,BROOKLYN NETS,240,33,102,5,42,23,28,16,40,23,5,9,13,21,2019-02-04
2,DENVER NUGGETS,240,41,92,9,28,12,22,10,22,28,10,3,13,19,2019-02-04
3,DETROIT PISTONS,240,48,88,16,37,17,20,16,37,32,8,8,20,20,2019-02-04
4,INDIANA PACERS,240,41,91,10,28,17,24,8,35,25,5,3,9,17,2019-02-04
5,NEW ORLEANS PELICANS,240,39,90,9,38,20,24,13,42,26,6,4,16,19,2019-02-04
6,HOUSTON ROCKETS,240,43,87,13,41,19,25,12,31,19,13,2,12,19,2019-02-04
7,PHOENIX SUNS,240,45,84,7,25,13,18,9,29,29,9,1,17,20,2019-02-04
8,SAN ANTONIO SPURS,240,42,98,9,32,19,21,15,31,18,6,3,8,20,2019-02-04
9,SACRAMENTO KINGS,240,50,90,13,32,14,23,8,40,26,5,5,8,18,2019-02-04
10,ATLANTA HAWKS,240,46,91,20,40,25,29,14,36,29,7,2,12,22,2019-02-04
11,WASHINGTON WIZARDS,240,48,97,12,38,21,29,13,27,34,5,8,8,20,2019-02-04
0,LOS ANGELES CLIPPERS,240,42,87,18,24,15,17,8,40,25,1,6,11,24,2019-02-05
1,CHARLOTTE HORNETS,240,39,93,15,42,22,26,11,33,19,8,9,5,19,2019-02-05
2,BOSTON CELTICS,240,40,82,9,26,14,14,8,34,29,10,10,13,14,2019-02-05
3,CLEVELAND CAVALIERS,240,40,96,9,33,7,8,15,32,21,6,0,12,17,2019-02-05
4,LOS ANGELES LAKERS,240,35,75,4,21,20,26,3,31,25,5,3,19,14,2019-02-05
5,INDIANA PACERS,240,56,98,19,34,5,8,10,30,37,11,7,10,20,2019-02-05
6,MINNESOTA TIMBERWOLVES,240,39,87,9,29,19,20,16,39,26,4,4,15,23,2019-02-05
7,MEMPHIS GRIZZLIES,240,36,86,15,34,21,29,12,27,18,11,6,8,18,2019-02-05
8,DETROIT PISTONS,240,37,79,12,34,19,24,6,35,22,4,7,9,21,2019-02-05
9,NEW YORK KNICKS,240,36,90,9,33,11,15,13,31,17,5,4,11,23,2019-02-05
10,ORLANDO MAGIC,240,42,90,11,37,27,34,8,32,27,14,4,18,29,2019-02-05
11,OKLAHOMA CITY THUNDER,240,46,92,13,30,27,37,8,41,25,11,2,17,25,2019-02-05
12,TORONTO RAPTORS,240,41,89,11,31,26,32,15,27,27,12,0,10,27,2019-02-05
13,PHILADELPHIA 76ERS,240,31,70,7,24,38,41,5,29,20,8,3,18,22,2019-02-05
14,MIAMI HEAT,240,45,83,7,22,21,25,8,38,18,11,7,12,15,2019-02-05
15,PORTLAND TRAIL BLAZERS,240,42,93,15,39,9,12,7,26,30,6,2,11,21,2019-02-05
0,DENVER NUGGETS,240,50,99,13,35,17,21,12,36,32,7,8,13,26,2019-02-06
1,BROOKLYN NETS,240,46,90,19,34,24,33,5,35,36,9,5,13,22,2019-02-06
2,NEW ORLEANS PELICANS,240,45,85,15,35,20,30,14,32,26,1,6,11,18,2019-02-06
3,CHICAGO BULLS,240,45,91,16,36,14,19,9,27,27,8,6,8,23,2019-02-06
4,CHARLOTTE HORNETS,240,36,89,9,37,12,17,8,39,17,9,9,14,17,2019-02-06
5,DALLAS MAVERICKS,240,38,94,11,36,12,17,15,42,25,8,5,13,12,2019-02-06
6,SAN ANTONIO SPURS,240,35,81,12,32,20,21,4,26,24,6,5,18,19,2019-02-06
7,GOLDEN STATE WARRIORS,240,55,95,16,34,15,21,14,38,42,14,5,11,20,2019-02-06
8,WASHINGTON WIZARDS,240,48,92,17,37,16,19,8,32,34,6,5,24,23,2019-02-06
9,MILWAUKEE BUCKS,240,56,93,19,30,17,26,8,26,33,15,3,14,20,2019-02-06
10,HOUSTON ROCKETS,240,45,100,20,51,17,18,13,29,17,13,7,11,19,2019-02-06
11,SACRAMENTO KINGS,240,39,91,11,33,12,20,20,34,21,5,6,22,22,2019-02-06
12,PHOENIX SUNS,240,35,75,3,17,15,19,7,29,23,8,2,22,25,2019-02-06
13,UTAH JAZZ,240,42,84,11,28,21,32,12,31,29,13,5,13,18,2019-02-06
0,TORONTO RAPTORS,240,40,87,13,40,26,33,12,38,29,6,2,8,23,2019-02-07
1,ATLANTA HAWKS,240,36,80,16,35,13,25,8,34,25,5,3,17,25,2019-02-07
2,LOS ANGELES LAKERS,240,50,97,22,41,7,18,10,33,35,5,6,8,19,2019-02-07
3,BOSTON CELTICS,240,46,94,16,38,20,20,11,37,35,7,5,8,16,2019-02-07
4,LOS ANGELES CLIPPERS,240,37,85,6,17,12,19,9,27,23,14,6,19,19,2019-02-07
5,INDIANA PACERS,240,49,87,9,22,9,11,7,35,26,15,12,19,20,2019-02-07
6,MEMPHIS GRIZZLIES,240,34,77,7,24,20,23,8,37,19,9,4,24,21,2019-02-07
7,OKLAHOMA CITY THUNDER,240,43,90,17,44,14,22,11,33,29,17,2,11,25,2019-02-07
8,MINNESOTA TIMBERWOLVES,240,46,99,10,26,10,12,16,27,23,8,4,12,19,2019-02-07
9,ORLANDO MAGIC,240,45,83,11,26,21,23,10,31,23,5,7,13,16,2019-02-07
10,SAN ANTONIO SPURS,240,48,91,12,21,10,14,10,33,19,3,3,18,16,2019-02-07
11,PORTLAND TRAIL BLAZERS,240,49,91,11,31,18,18,4,29,26,11,4,8,14,2019-02-07
0,CHICAGO BULLS,240,46,85,14,28,19,24,8,42,27,5,5,16,21,2019-02-08
1,BROOKLYN NETS,240,39,94,13,41,15,16,6,27,26,9,1,11,21,2019-02-08
2,MILWAUKEE BUCKS,240,51,93,10,36,10,12,10,41,25,4,5,12,21,2019-02-08
3,DALLAS MAVERICKS,240,36,87,22,53,13,20,9,28,23,6,5,14,15,2019-02-08
4,NEW YORK KNICKS,240,35,78,7,22,26,41,10,29,22,6,5,13,23,2019-02-08
5,DETROIT PISTONS,240,42,86,13,30,23,29,11,35,24,3,6,12,27,2019-02-08
6,MINNESOTA TIMBERWOLVES,240,46,91,9,21,16,22,10,39,22,6,8,15,20,2019-02-08
7,NEW ORLEANS PELICANS,240,43,91,9,30,27,28,8,37,27,11,7,11,21,2019-02-08
8,DENVER NUGGETS,240,46,94,6,26,12,13,8,32,35,5,3,12,19,2019-02-08
9,PHILADELPHIA 76ERS,240,39,78,10,22,29,32,7,35,23,7,5,17,12,2019-02-08
10,GOLDEN STATE WARRIORS,240,41,81,10,29,25,35,9,40,30,5,9,18,23,2019-02-08
11,PHOENIX SUNS,240,39,101,6,31,23,30,19,29,23,12,1,11,28,2019-02-08
12,MIAMI HEAT,240,38,88,11,33,9,19,11,38,26,6,8,18,21,2019-02-08
13,SACRAMENTO KINGS,240,37,90,9,26,19,25,10,36,18,11,5,13,17,2019-02-08
14,CLEVELAND CAVALIERS,240,36,96,12,38,22,25,17,35,21,6,3,14,16,2019-02-08
15,WASHINGTON WIZARDS,240,46,92,12,35,15,16,10,38,35,10,4,16,19,2019-02-08
0,CHARLOTTE HORNETS,240,48,88,19,42,14,18,10,27,30,12,7,13,17,2019-02-09
1,ATLANTA HAWKS,240,46,86,14,33,14,19,10,26,26,10,3,18,18,2019-02-09
2,LOS ANGELES CLIPPERS,240,40,84,12,30,31,40,6,43,28,6,6,17,27,2019-02-09
3,BOSTON CELTICS,240,39,92,9,26,25,31,8,37,21,9,3,12,29,2019-02-09
4,WASHINGTON WIZARDS,240,55,95,12,27,12,14,6,33,38,6,6,13,23,2019-02-09
5,CHICAGO BULLS,240,49,97,6,23,21,28,14,31,28,7,5,11,15,2019-02-09
6,OKLAHOMA CITY THUNDER,240,40,89,13,34,24,30,12,41,20,7,5,19,24,2019-02-09
7,HOUSTON ROCKETS,240,37,86,16,45,22,30,7,32,18,10,7,12,26,2019-02-09
8,CLEVELAND CAVALIERS,240,35,79,16,36,4,9,5,25,23,3,2,12,13,2019-02-09
9,INDIANA PACERS,240,45,84,9,26,6,10,6,37,31,8,5,9,13,2019-02-09
10,NEW ORLEANS PELICANS,240,34,86,6,33,16,27,17,35,25,6,5,15,22,2019-02-09
11,MEMPHIS GRIZZLIES,240,38,88,8,29,15,18,10,35,27,6,2,10,24,2019-02-09
12,ORLANDO MAGIC,240,44,94,10,27,5,6,9,48,28,5,8,12,20,2019-02-09
13,MILWAUKEE BUCKS,240,31,95,6,35,15,18,12,39,18,5,8,10,16,2019-02-09
14,TORONTO RAPTORS,240,33,86,14,35,24,29,10,37,27,8,5,12,15,2019-02-09
15,NEW YORK KNICKS,240,39,94,10,25,11,19,15,42,22,9,4,14,26,2019-02-09
16,SAN ANTONIO SPURS,240,40,89,7,22,18,20,5,31,24,7,3,9,17,2019-02-09
17,UTAH JAZZ,240,47,90,16,41,15,20,9,43,29,7,3,11,17,2019-02-09
0,ORLANDO MAGIC,240,43,91,13,37,25,28,11,38,29,4,9,8,21,2019-02-10
1,ATLANTA HAWKS,240,37,80,13,32,21,25,5,28,27,5,6,11,21,2019-02-10
2,PORTLAND TRAIL BLAZERS,240,42,86,9,29,8,14,12,36,24,7,4,19,26,2019-02-10
3,DALLAS MAVERICKS,240,36,87,12,37,18,23,11,28,20,6,3,15,20,2019-02-10
4,MIAMI HEAT,240,48,105,18,43,4,8,21,31,32,6,4,16,22,2019-02-10
5,GOLDEN STATE WARRIORS,240,44,82,13,36,19,26,7,29,28,8,5,12,16,2019-02-10
6,LOS ANGELES LAKERS,240,48,93,10,27,14,19,9,34,31,3,4,16,21,2019-02-10
7,PHILADELPHIA 76ERS,240,56,97,12,24,19,22,7,35,33,10,3,7,17,2019-02-10
8,PHOENIX SUNS,240,38,91,6,27,22,30,15,39,22,5,4,17,31,2019-02-10
9,SACRAMENTO KINGS,240,38,84,9,31,32,44,11,38,26,12,11,12,21,2019-02-10
0,MILWAUKEE BUCKS,240,38,80,12,38,24,29,5,44,24,6,7,17,18,2019-02-11
1,CHICAGO BULLS,240,37,96,9,28,16,18,9,36,24,8,2,13,22,2019-02-11
2,NEW YORK KNICKS,240,42,92,7,26,13,20,10,36,21,8,9,10,17,2019-02-11
3,CLEVELAND CAVALIERS,240,38,95,14,44,17,19,17,39,20,6,2,18,16,2019-02-11
4,MIAMI HEAT,240,34,82,9,33,10,16,7,40,23,10,5,16,16,2019-02-11
5,DENVER NUGGETS,240,38,89,16,37,11,13,10,35,27,7,6,15,17,2019-02-11
6,WASHINGTON WIZARDS,240,42,84,14,39,14,19,7,30,31,7,5,14,21,2019-02-11
7,DETROIT PISTONS,240,44,85,15,36,18,21,10,38,25,6,2,16,21,2019-02-11
8,DALLAS MAVERICKS,240,35,73,13,36,21,27,3,30,21,5,1,18,17,2019-02-11
9,HOUSTON ROCKETS,240,42,90,23,60,13,15,9,29,28,13,5,9,26,2019-02-11
10,CHARLOTTE HORNETS,240,29,90,7,40,25,33,21,30,15,7,2,5,15,2019-02-11
11,INDIANA PACERS,240,38,74,8,25,15,17,5,34,25,3,3,12,22,2019-02-11
12,LOS ANGELES CLIPPERS,240,37,72,12,29,34,39,8,29,24,8,2,21,28,2019-02-11
13,MINNESOTA TIMBERWOLVES,240,47,90,6,18,30,36,16,28,28,14,1,12,22,2019-02-11
14,PORTLAND TRAIL BLAZERS,240,36,87,11,29,28,38,10,36,18,8,7,13,24,2019-02-11
15,OKLAHOMA CITY THUNDER,240,41,86,16,35,22,29,7,38,23,9,7,12,28,2019-02-11
16,BROOKLYN NETS,240,46,88,20,41,13,18,5,26,33,6,3,14,18,2019-02-11
17,TORONTO RAPTORS,240,50,92,9,31,18,20,5,35,32,12,3,13,16,2019-02-11
0,LOS ANGELES LAKERS,240,41,95,14,40,17,25,10,34,25,10,6,15,24,2019-02-12
1,ATLANTA HAWKS,240,40,92,16,42,21,26,6,41,29,8,6,20,24,2019-02-12
2,UTAH JAZZ,240,41,87,10,26,16,21,7,42,23,3,4,16,21,2019-02-12
3,GOLDEN STATE WARRIORS,240,44,89,13,41,14,21,5,35,29,12,7,6,20,2019-02-12
4,SAN ANTONIO SPURS,240,36,86,13,21,23,29,10,33,23,6,5,7,14,2019-02-12
5,MEMPHIS GRIZZLIES,240,44,89,8,24,11,16,8,40,25,5,6,12,23,2019-02-12
6,ORLANDO MAGIC,240,42,95,13,32,21,22,12,46,32,9,8,10,14,2019-02-12
7,NEW ORLEANS PELICANS,240,36,94,10,29,6,8,8,34,21,5,8,14,16,2019-02-12
8,BOSTON CELTICS,240,41,88,13,29,17,21,8,33,24,9,3,5,23,2019-02-12
9,PHILADELPHIA 76ERS,240,39,80,9,27,22,31,10,37,21,4,3,14,20,2019-02-12
0,DETROIT PISTONS,240,36,84,13,40,25,34,10,31,19,7,1,11,18,2019-02-13
1,BOSTON CELTICS,240,45,88,16,39,12,15,10,37,32,8,2,16,22,2019-02-13
2,MEMPHIS GRIZZLIES,240,43,89,11,31,13,17,6,26,33,9,5,8,19,2019-02-13
3,CHICAGO BULLS,240,45,80,8,20,24,29,9,37,28,2,3,14,19,2019-02-13
4,BROOKLYN NETS,315,52,113,18,45,26,34,16,44,31,4,13,18,23,2019-02-13
5,CLEVELAND CAVALIERS,315,54,120,18,42,13,18,18,39,35,7,4,15,37,2019-02-13
6,MIAMI HEAT,240,44,81,12,30,12,16,7,40,24,8,3,18,20,2019-02-13
7,DALLAS MAVERICKS,240,34,88,15,52,18,22,10,28,24,10,0,12,17,2019-02-13
8,SACRAMENTO KINGS,240,42,93,11,32,23,28,10,34,30,12,1,12,23,2019-02-13
9,DENVER NUGGETS,240,45,99,8,31,22,25,14,39,26,7,1,13,19,2019-02-13
10,MILWAUKEE BUCKS,240,38,86,9,31,21,29,10,42,22,7,3,10,14,2019-02-13
11,INDIANA PACERS,240,37,88,10,27,13,15,4,39,22,6,4,11,23,2019-02-13
12,PHOENIX SUNS,240,40,86,8,30,19,25,8,28,24,6,4,16,23,2019-02-13
13,LOS ANGELES CLIPPERS,240,50,84,11,22,23,30,7,36,33,12,9,11,25,2019-02-13
14,HOUSTON ROCKETS,240,40,98,19,53,12,13,13,24,23,5,2,9,18,2019-02-13
15,MINNESOTA TIMBERWOLVES,240,49,90,10,20,13,17,13,34,31,4,5,10,13,2019-02-13
16,PHILADELPHIA 76ERS,240,42,78,8,23,34,43,6,41,33,8,7,15,24,2019-02-13
17,NEW YORK KNICKS,240,40,100,9,29,22,27,14,29,27,8,4,12,27,2019-02-13
18,GOLDEN STATE WARRIORS,240,39,97,13,38,16,18,18,31,26,1,9,8,26,2019-02-13
19,PORTLAND TRAIL BLAZERS,240,43,93,16,37,27,34,14,34,24,3,4,4,16,2019-02-13
20,WASHINGTON WIZARDS,240,37,84,14,40,32,39,4,39,27,6,3,18,28,2019-02-13
21,TORONTO RAPTORS,240,44,92,16,38,25,30,9,43,32,8,8,14,27,2019-02-13
0,NEW YORK KNICKS,240,38,84,12,31,18,26,11,41,21,9,9,14,22,2019-02-14
1,ATLANTA HAWKS,240,33,91,10,38,15,19,10,31,19,8,4,12,24,2019-02-14
2,OKLAHOMA CITY THUNDER,240,50,106,10,44,12,13,17,31,27,8,6,13,21,2019-02-14
3,NEW ORLEANS PELICANS,240,50,92,12,26,19,24,13,38,35,7,7,14,15,2019-02-14
4,CHARLOTTE HORNETS,240,33,94,4,31,19,26,13,32,18,6,4,8,19,2019-02-14
5,ORLANDO MAGIC,240,48,92,17,39,14,18,8,42,32,6,6,7,15,2019-02-14
0,PORTLAND TRAIL BLAZERS,240,46,105,7,32,14,16,19,41,19,7,9,13,21,2019-02-21
1,BROOKLYN NETS,240,36,92,7,36,20,26,12,37,26,4,2,12,19,2019-02-21
2,PHOENIX SUNS,240,35,84,10,32,18,25,11,27,26,12,6,17,18,2019-02-21
3,CLEVELAND CAVALIERS,240,42,85,13,36,14,20,10,41,34,11,4,15,23,2019-02-21
4,SACRAMENTO KINGS,240,43,99,10,33,27,34,14,38,23,10,3,13,24,2019-02-21
5,GOLDEN STATE WARRIORS,240,43,94,19,46,20,24,8,41,32,5,11,15,26,2019-02-21
6,HOUSTON ROCKETS,240,40,88,12,41,14,15,4,35,18,8,5,14,28,2019-02-21
7,LOS ANGELES LAKERS,240,38,86,8,30,27,33,12,37,22,4,4,17,17,2019-02-21
8,BOSTON CELTICS,240,39,102,14,40,5,6,12,38,19,11,9,7,15,2019-02-21
9,MILWAUKEE BUCKS,240,37,88,14,39,10,14,9,46,21,5,4,15,11,2019-02-21
10,MIAMI HEAT,240,45,94,6,22,6,12,7,33,27,11,4,9,28,2019-02-21
11,PHILADELPHIA 76ERS,240,37,82,7,26,25,35,12,39,23,5,4,15,13,2019-02-21
0,DETROIT PISTONS,240,46,95,15,40,18,28,10,34,20,11,4,8,21,2019-02-22
1,ATLANTA HAWKS,240,43,88,20,42,16,19,10,37,21,6,4,18,24,2019-02-22
2,WASHINGTON WIZARDS,240,42,97,10,39,16,18,11,32,24,6,6,13,20,2019-02-22
3,CHARLOTTE HORNETS,240,46,96,13,33,18,22,11,42,26,7,6,13,20,2019-02-22
4,DENVER NUGGETS,240,42,103,14,37,16,25,21,42,32,11,2,13,26,2019-02-22
5,DALLAS MAVERICKS,240,34,84,10,41,26,33,7,35,19,7,2,15,21,2019-02-22
6,NEW ORLEANS PELICANS,240,43,93,8,27,17,30,14,37,25,5,5,17,25,2019-02-22
7,INDIANA PACERS,240,44,93,14,32,24,35,13,35,28,10,5,11,24,2019-02-22
8,LOS ANGELES CLIPPERS,240,35,75,6,25,36,42,7,42,21,8,4,23,30,2019-02-22
9,MEMPHIS GRIZZLIES,240,33,90,9,32,31,36,11,28,20,10,6,11,31,2019-02-22
10,MINNESOTA TIMBERWOLVES,240,41,87,11,24,22,32,7,35,22,13,8,13,20,2019-02-22
11,NEW YORK KNICKS,240,37,86,11,29,19,24,8,39,15,9,8,20,22,2019-02-22
12,UTAH JAZZ,290,52,105,18,40,25,31,15,46,33,8,10,24,25,2019-02-22
13,OKLAHOMA CITY THUNDER,290,55,118,18,44,20,25,11,32,29,16,5,11,29,2019-02-22
14,CHICAGO BULLS,240,40,90,12,29,18,19,6,33,18,8,4,8,19,2019-02-22
15,ORLANDO MAGIC,240,41,81,14,34,13,24,8,38,25,4,6,14,14,2019-02-22
16,SAN ANTONIO SPURS,240,43,89,12,37,19,22,9,39,27,7,6,14,22,2019-02-22
17,TORONTO RAPTORS,240,40,94,14,30,26,32,14,33,24,8,3,9,20,2019-02-22
0,PHOENIX SUNS,240,41,93,13,37,17,20,6,35,25,9,4,12,29,2019-02-23
1,ATLANTA HAWKS,240,38,92,12,33,32,38,12,38,22,8,9,13,22,2019-02-23
2,BOSTON CELTICS,240,45,92,10,29,16,21,6,26,26,6,7,7,18,2019-02-23
3,CHICAGO BULLS,240,47,88,12,30,20,21,11,38,26,4,2,13,22,2019-02-23
4,BROOKLYN NETS,240,40,87,17,43,20,26,11,31,23,5,6,12,26,2019-02-23
5,CHARLOTTE HORNETS,240,39,86,12,35,25,30,12,30,15,4,5,12,23,2019-02-23
6,MEMPHIS GRIZZLIES,240,40,90,5,25,22,28,15,28,18,7,6,12,21,2019-02-23
7,CLEVELAND CAVALIERS,240,39,88,16,42,18,23,14,38,25,6,3,18,26,2019-02-23
8,HOUSTON ROCKETS,240,40,92,16,43,22,24,12,37,26,13,7,14,23,2019-02-23
9,GOLDEN STATE WARRIORS,240,42,90,14,36,14,20,9,36,26,9,10,17,19,2019-02-23
10,DETROIT PISTONS,240,42,80,14,33,21,26,7,34,21,6,5,14,24,2019-02-23
11,MIAMI HEAT,240,35,82,7,28,19,27,9,24,18,6,6,13,22,2019-02-23
12,MINNESOTA TIMBERWOLVES,240,50,102,12,26,16,20,12,29,29,7,2,10,16,2019-02-23
13,MILWAUKEE BUCKS,240,50,95,19,43,21,22,10,39,28,6,8,11,17,2019-02-23
14,LOS ANGELES LAKERS,240,44,81,10,29,17,26,6,33,33,10,3,23,21,2019-02-23
15,NEW ORLEANS PELICANS,240,50,96,15,40,13,16,9,32,31,14,4,17,21,2019-02-23
16,SACRAMENTO KINGS,240,44,97,7,19,24,34,7,40,24,7,7,9,21,2019-02-23
17,OKLAHOMA CITY THUNDER,240,40,105,14,46,22,28,16,43,17,2,6,14,26,2019-02-23
18,PORTLAND TRAIL BLAZERS,240,49,99,5,23,27,29,19,34,29,8,6,11,23,2019-02-23
19,PHILADELPHIA 76ERS,240,42,87,9,24,22,28,7,26,28,5,5,11,23,2019-02-23
20,DALLAS MAVERICKS,240,41,97,13,36,14,18,8,34,25,2,3,3,28,2019-02-23
21,UTAH JAZZ,240,41,85,14,38,29,33,8,45,28,2,9,7,21,2019-02-23
22,INDIANA PACERS,240,47,83,11,25,14,22,12,29,29,13,0,23,21,2019-02-23
23,WASHINGTON WIZARDS,240,42,79,13,35,15,21,8,24,27,15,5,22,23,2019-02-23
0,LOS ANGELES CLIPPERS,240,30,87,3,21,33,37,7,31,20,9,7,17,27,2019-02-24
1,DENVER NUGGETS,240,44,85,12,34,23,35,12,44,30,11,6,22,28,2019-02-24
2,SAN ANTONIO SPURS,240,42,94,6,24,28,31,14,36,18,3,4,7,20,2019-02-24
3,NEW YORK KNICKS,240,50,98,16,37,14,19,12,37,25,3,7,6,27,2019-02-24
4,ORLANDO MAGIC,240,42,91,14,36,15,20,12,40,29,6,8,12,16,2019-02-24
5,TORONTO RAPTORS,240,38,91,11,28,11,14,6,36,30,6,2,13,20,2019-02-24
0,SAN ANTONIO SPURS,240,35,96,4,24,11,12,10,37,14,6,6,11,13,2019-02-25
1,BROOKLYN NETS,240,35,81,19,50,12,16,6,45,24,5,5,15,15,2019-02-25
2,MILWAUKEE BUCKS,240,42,91,17,49,16,23,8,37,26,3,6,8,22,2019-02-25
3,CHICAGO BULLS,240,41,92,9,26,15,22,6,35,31,3,3,7,18,2019-02-25
4,GOLDEN STATE WARRIORS,240,48,95,14,41,11,13,13,36,35,9,8,15,18,2019-02-25
5,CHARLOTTE HORNETS,240,40,91,7,33,23,26,9,29,23,13,6,12,11,2019-02-25
6,PORTLAND TRAIL BLAZERS,240,44,78,18,29,17,22,6,39,26,5,6,13,24,2019-02-25
7,CLEVELAND CAVALIERS,240,37,89,13,34,23,26,13,27,22,4,1,7,20,2019-02-25
8,INDIANA PACERS,240,40,87,10,26,19,21,12,30,23,8,8,11,23,2019-02-25
9,DETROIT PISTONS,240,39,88,18,41,17,26,15,32,28,8,4,12,20,2019-02-25
10,ATLANTA HAWKS,240,39,80,17,38,16,23,10,31,21,6,6,17,24,2019-02-25
11,HOUSTON ROCKETS,240,39,90,15,51,26,30,12,25,24,11,4,12,18,2019-02-25
12,DALLAS MAVERICKS,240,37,76,14,36,24,27,7,38,28,3,9,17,20,2019-02-25
13,LOS ANGELES CLIPPERS,240,45,100,17,45,14,18,9,31,33,11,4,5,22,2019-02-25
14,LOS ANGELES LAKERS,240,40,89,10,27,15,20,10,36,25,8,5,17,28,2019-02-25
15,MEMPHIS GRIZZLIES,240,41,93,9,36,19,23,15,42,20,7,5,14,21,2019-02-25
16,PHOENIX SUNS,240,45,89,13,32,21,25,7,32,30,9,1,14,20,2019-02-25
17,MIAMI HEAT,240,48,97,9,29,16,20,14,30,31,10,4,14,20,2019-02-25
18,SACRAMENTO KINGS,240,37,95,9,26,22,29,14,30,20,13,2,19,27,2019-02-25
19,MINNESOTA TIMBERWOLVES,240,42,83,8,31,20,28,7,42,23,10,6,22,28,2019-02-25
20,PHILADELPHIA 76ERS,240,44,101,10,31,13,19,15,43,23,9,8,19,19,2019-02-25
21,NEW ORLEANS PELICANS,240,44,104,5,28,17,24,14,40,29,15,8,13,19,2019-02-25
0,OKLAHOMA CITY THUNDER,240,43,95,10,38,16,25,14,32,31,10,5,17,34,2019-02-26
1,DENVER NUGGETS,240,41,88,13,28,26,35,11,36,28,9,4,18,28,2019-02-26
2,ORLANDO MAGIC,240,39,89,11,32,14,20,12,35,26,6,7,16,21,2019-02-26
3,NEW YORK KNICKS,240,38,89,7,24,25,32,14,37,17,11,7,10,15,2019-02-26
4,BOSTON CELTICS,240,33,86,6,30,23,28,10,37,24,6,4,14,20,2019-02-26
5,TORONTO RAPTORS,240,46,94,17,36,9,14,8,37,33,7,5,8,24,2019-02-26
0,MINNESOTA TIMBERWOLVES,265,44,102,12,38,23,33,9,38,29,8,7,6,24,2019-02-27
1,ATLANTA HAWKS,265,46,108,12,29,27,32,18,47,32,1,6,12,25,2019-02-27
2,PORTLAND TRAIL BLAZERS,240,38,90,6,33,15,20,13,35,14,11,2,11,15,2019-02-27
3,BOSTON CELTICS,240,40,86,5,28,7,10,8,33,20,5,4,16,20,2019-02-27
4,WASHINGTON WIZARDS,240,44,96,11,37,26,31,17,40,34,10,4,17,30,2019-02-27
5,BROOKLYN NETS,240,39,85,8,35,30,39,7,34,20,7,3,16,27,2019-02-27
6,HOUSTON ROCKETS,240,42,91,13,39,21,24,7,30,23,11,3,10,22,2019-02-27
7,CHARLOTTE HORNETS,240,39,83,12,33,23,27,8,40,25,9,5,18,22,2019-02-27
8,INDIANA PACERS,240,37,77,10,28,17,21,6,32,19,10,3,14,23,2019-02-27
9,DALLAS MAVERICKS,240,40,81,16,37,14,23,10,32,27,11,1,15,22,2019-02-27
10,NEW ORLEANS PELICANS,240,46,102,7,35,20,27,14,38,31,6,3,13,27,2019-02-27
11,LOS ANGELES LAKERS,240,49,94,8,25,19,31,6,33,37,7,8,8,22,2019-02-27
12,CHICAGO BULLS,240,39,82,8,24,23,25,7,35,20,12,9,15,20,2019-02-27
13,MEMPHIS GRIZZLIES,240,41,94,9,27,16,18,12,34,25,7,5,16,17,2019-02-27
14,GOLDEN STATE WARRIORS,240,44,89,17,48,20,28,8,29,21,7,3,8,21,2019-02-27
15,MIAMI HEAT,240,42,83,18,41,24,30,12,36,20,4,6,13,31,2019-02-27
16,MILWAUKEE BUCKS,265,54,112,17,45,16,21,11,46,36,3,14,11,18,2019-02-27
17,SACRAMENTO KINGS,265,53,118,12,33,22,30,15,43,30,6,6,8,19,2019-02-27
18,DETROIT PISTONS,240,36,100,15,38,6,7,8,33,19,6,3,5,14,2019-02-27
19,SAN ANTONIO SPURS,240,42,81,9,17,12,17,7,48,24,3,7,10,11,2019-02-27
20,LOS ANGELES CLIPPERS,240,37,94,5,26,26,30,11,36,16,11,6,10,26,2019-02-27
21,UTAH JAZZ,240,38,92,11,34,24,32,14,42,22,9,12,16,23,2019-02-27
0,UTAH JAZZ,240,37,84,16,43,21,33,10,34,25,6,6,11,22,2019-02-28
1,DENVER NUGGETS,240,40,99,7,25,17,24,16,39,25,6,5,12,23,2019-02-28
2,MIAMI HEAT,240,42,81,15,28,19,24,8,26,28,9,2,14,22,2019-02-28
3,HOUSTON ROCKETS,240,38,77,19,46,26,28,8,28,22,6,5,15,21,2019-02-28
4,MINNESOTA TIMBERWOLVES,240,42,89,8,26,23,34,21,35,16,5,7,15,24,2019-02-28
5,INDIANA PACERS,240,40,84,16,27,26,31,8,27,35,8,11,11,21,2019-02-28
6,CLEVELAND CAVALIERS,240,41,80,14,34,29,36,8,32,24,5,3,11,20,2019-02-28
7,NEW YORK KNICKS,240,46,95,11,32,15,23,14,26,26,4,3,8,28,2019-02-28
8,PHILADELPHIA 76ERS,240,42,91,12,30,12,19,8,36,33,9,5,13,24,2019-02-28
9,OKLAHOMA CITY THUNDER,240,38,87,8,27,20,28,8,36,28,5,3,12,18,2019-02-28
10,GOLDEN STATE WARRIORS,240,39,97,9,40,9,10,9,38,16,5,3,12,14,2019-02-28
11,ORLANDO MAGIC,240,40,89,11,31,12,15,9,44,24,2,9,15,14,2019-02-28
0,CHICAGO BULLS,340,56,119,21,48,35,48,11,51,30,10,5,16,30,2019-03-01
1,ATLANTA HAWKS,340,61,123,22,60,17,25,9,50,33,11,8,20,34,2019-03-01
2,WASHINGTON WIZARDS,240,36,89,10,38,14,19,11,42,20,7,6,18,16,2019-03-01
3,BOSTON CELTICS,240,42,94,10,35,13,17,11,35,26,12,3,12,18,2019-03-01
4,CHARLOTTE HORNETS,240,50,94,9,21,14,17,10,30,24,6,4,13,25,2019-03-01
5,BROOKLYN NETS,240,44,86,10,32,14,18,7,30,27,2,5,15,19,2019-03-01
6,MILWAUKEE BUCKS,240,48,93,14,40,21,24,11,40,30,4,6,11,15,2019-03-01
7,LOS ANGELES LAKERS,240,46,96,13,40,15,18,8,32,29,4,4,9,21,2019-03-01
8,NEW ORLEANS PELICANS,240,50,87,16,27,14,20,10,40,34,13,4,24,18,2019-03-01
9,PHOENIX SUNS,240,40,94,12,34,24,28,12,27,25,17,2,19,21,2019-03-01
10,LOS ANGELES CLIPPERS,240,40,92,12,31,24,33,16,42,19,4,6,11,23,2019-03-01
11,SACRAMENTO KINGS,240,41,93,6,21,21,25,8,38,27,6,8,8,25,2019-03-01
12,PORTLAND TRAIL BLAZERS,240,42,85,14,33,19,23,9,33,24,9,4,16,25,2019-03-01
13,TORONTO RAPTORS,240,45,81,10,28,19,21,2,30,29,9,6,14,17,2019-03-01
0,DETROIT PISTONS,240,47,87,20,37,15,17,9,42,27,5,8,9,24,2019-03-02
1,CLEVELAND CAVALIERS,240,27,79,13,34,26,32,9,24,15,7,1,12,19,2019-03-02
2,MEMPHIS GRIZZLIES,240,39,78,14,34,19,24,4,46,30,4,6,15,30,2019-03-02
3,DALLAS MAVERICKS,240,26,85,7,40,22,33,13,30,17,9,5,10,23,2019-03-02
4,NEW ORLEANS PELICANS,240,45,92,12,30,18,26,12,35,28,10,4,21,25,2019-03-02
5,DENVER NUGGETS,240,39,92,9,32,25,29,10,34,25,13,7,16,22,2019-03-02
6,ORLANDO MAGIC,240,46,91,10,28,15,19,11,30,28,7,5,9,20,2019-03-02
7,INDIANA PACERS,240,42,77,7,27,21,24,3,33,31,5,6,11,17,2019-03-02
8,BROOKLYN NETS,240,31,88,9,42,17,22,7,29,20,6,6,11,14,2019-03-02
9,MIAMI HEAT,240,44,90,14,34,15,22,11,46,36,5,9,11,19,2019-03-02
10,GOLDEN STATE WARRIORS,240,41,81,14,33,24,34,4,35,23,14,7,13,22,2019-03-02
11,PHILADELPHIA 76ERS,240,39,87,14,31,25,29,11,35,26,6,3,21,25,2019-03-02
12,LOS ANGELES LAKERS,240,43,89,8,25,15,23,10,30,27,3,3,11,24,2019-03-02
13,PHOENIX SUNS,240,39,76,6,26,34,40,9,32,21,7,8,10,22,2019-03-02
14,OKLAHOMA CITY THUNDER,240,40,88,7,29,15,24,11,34,17,7,2,13,19,2019-03-02
15,SAN ANTONIO SPURS,240,45,91,8,19,18,25,11,38,15,8,6,11,19,2019-03-02
16,MILWAUKEE BUCKS,240,37,96,15,39,22,30,17,36,20,6,10,15,22,2019-03-02
17,UTAH JAZZ,240,44,96,12,29,15,26,16,37,22,13,7,13,23,2019-03-02
0,HOUSTON ROCKETS,240,38,80,21,51,18,29,10,32,22,8,4,12,23,2019-03-03
1,BOSTON CELTICS,240,37,77,8,28,22,29,8,36,23,7,0,13,23,2019-03-03
2,ATLANTA HAWKS,240,42,89,21,42,18,28,11,35,30,10,5,13,18,2019-03-03
3,CHICAGO BULLS,240,47,92,8,27,16,21,9,33,25,6,5,14,20,2019-03-03
4,PORTLAND TRAIL BLAZERS,240,43,96,11,32,21,23,13,35,26,9,3,11,23,2019-03-03
5,CHARLOTTE HORNETS,240,37,83,14,33,20,23,4,31,25,7,5,12,21,2019-03-03
6,ORLANDO MAGIC,240,39,88,6,26,9,11,8,33,23,5,4,11,17,2019-03-03
7,CLEVELAND CAVALIERS,240,36,83,14,43,21,23,9,35,20,7,2,11,15,2019-03-03
8,TORONTO RAPTORS,265,37,96,14,39,19,24,18,32,22,8,3,15,28,2019-03-03
9,DETROIT PISTONS,265,40,86,12,33,20,29,8,38,25,10,3,15,24,2019-03-03
10,NEW YORK KNICKS,240,35,88,11,29,26,34,9,37,23,9,9,13,19,2019-03-03
11,LOS ANGELES CLIPPERS,240,48,98,19,35,13,17,9,44,33,5,4,16,28,2019-03-03
12,MEMPHIS GRIZZLIES,240,35,79,7,22,18,19,4,40,22,9,9,20,25,2019-03-03
13,OKLAHOMA CITY THUNDER,240,33,93,9,30,24,33,17,36,19,10,5,14,19,2019-03-03
14,MINNESOTA TIMBERWOLVES,240,52,99,4,27,13,19,12,34,25,3,4,12,24,2019-03-03
15,WASHINGTON WIZARDS,240,49,98,11,33,26,32,15,31,30,6,4,8,19,2019-03-03
0,DALLAS MAVERICKS,240,31,87,12,45,14,22,5,31,20,4,3,13,19,2019-03-04
1,BROOKLYN NETS,240,48,85,17,41,14,19,3,45,29,8,1,13,23,2019-03-04
2,LOS ANGELES CLIPPERS,240,41,83,11,29,20,24,8,42,25,7,3,12,22,2019-03-04
3,LOS ANGELES LAKERS,240,38,91,10,38,19,24,7,33,22,2,6,12,21,2019-03-04
4,ATLANTA HAWKS,240,38,91,17,46,20,25,16,26,25,9,2,14,21,2019-03-04
5,MIAMI HEAT,240,44,79,9,23,17,24,7,33,23,9,7,18,24,2019-03-04
6,MILWAUKEE BUCKS,240,35,95,12,42,23,31,18,39,17,8,2,14,25,2019-03-04
7,PHOENIX SUNS,240,41,91,7,22,25,31,17,39,22,10,10,13,23,2019-03-04
8,NEW YORK KNICKS,240,39,85,12,29,18,28,10,38,17,8,5,17,25,2019-03-04
9,SACRAMENTO KINGS,240,39,83,11,29,26,33,6,37,28,11,3,13,24,2019-03-04
10,DENVER NUGGETS,240,41,95,17,40,4,4,8,35,27,5,3,12,17,2019-03-04
11,SAN ANTONIO SPURS,240,41,85,8,25,14,19,6,37,27,8,7,9,13,2019-03-04
12,NEW ORLEANS PELICANS,240,46,96,9,20,14,18,12,32,24,12,5,8,20,2019-03-04
13,UTAH JAZZ,240,43,92,14,38,12,14,13,34,35,3,6,18,17,2019-03-04
0,BOSTON CELTICS,240,49,96,14,34,16,17,9,37,38,12,5,11,24,2019-03-05
1,GOLDEN STATE WARRIORS,240,34,85,8,35,19,23,9,36,26,5,2,21,24,2019-03-05
2,CHICAGO BULLS,240,36,93,4,25,20,24,15,34,16,7,7,9,20,2019-03-05
3,INDIANA PACERS,240,38,84,11,25,18,24,11,39,19,6,9,12,22,2019-03-05
4,PORTLAND TRAIL BLAZERS,240,42,79,9,29,18,21,5,31,25,7,4,20,29,2019-03-05
5,MEMPHIS GRIZZLIES,240,40,75,13,27,27,36,4,30,22,11,5,16,21,2019-03-05
6,OKLAHOMA CITY THUNDER,240,42,94,18,46,18,31,15,30,20,4,8,12,26,2019-03-05
7,MINNESOTA TIMBERWOLVES,240,47,89,11,22,26,35,10,42,28,6,2,9,24,2019-03-05
8,ORLANDO MAGIC,240,42,93,13,32,9,12,10,34,21,4,2,12,16,2019-03-05
9,PHILADELPHIA 76ERS,240,42,89,11,28,19,21,10,40,28,10,4,11,13,2019-03-05
10,HOUSTON ROCKETS,240,38,85,15,34,16,18,9,34,22,11,6,9,23,2019-03-05
11,TORONTO RAPTORS,240,37,89,9,32,12,16,16,31,16,1,5,13,15,2019-03-05
0,SAN ANTONIO SPURS,240,44,89,10,33,13,18,6,43,27,4,9,16,23,2019-03-06
1,ATLANTA HAWKS,240,36,92,13,43,19,24,11,36,21,8,2,14,18,2019-03-06
2,CLEVELAND CAVALIERS,240,35,87,16,38,21,29,11,36,23,7,3,17,22,2019-03-06
3,BROOKLYN NETS,240,43,91,12,33,15,26,11,39,21,5,7,14,22,2019-03-06
4,PHILADELPHIA 76ERS,240,40,87,8,24,19,24,13,33,22,10,5,15,20,2019-03-06
5,CHICAGO BULLS,240,41,93,6,23,20,27,16,31,21,7,3,13,17,2019-03-06
6,MIAMI HEAT,240,38,90,9,26,6,11,17,34,19,10,7,18,16,2019-03-06
7,CHARLOTTE HORNETS,240,30,82,14,36,10,15,10,30,22,7,4,19,19,2019-03-06
8,MINNESOTA TIMBERWOLVES,240,41,84,12,27,20,21,6,31,25,3,5,13,22,2019-03-06
9,DETROIT PISTONS,240,50,93,14,33,17,22,11,31,29,5,3,5,19,2019-03-06
10,DENVER NUGGETS,240,45,98,13,42,12,17,18,37,33,6,3,8,17,2019-03-06
11,LOS ANGELES LAKERS,240,40,84,7,31,12,23,5,36,26,5,4,12,22,2019-03-06
12,UTAH JAZZ,240,46,88,8,30,14,22,9,36,31,9,8,20,20,2019-03-06
13,NEW ORLEANS PELICANS,240,41,89,9,24,13,20,7,34,17,6,4,17,23,2019-03-06
14,NEW YORK KNICKS,240,35,77,6,15,20,25,8,38,17,6,7,21,23,2019-03-06
15,PHOENIX SUNS,240,39,81,12,29,17,22,4,27,21,11,9,13,25,2019-03-06
16,BOSTON CELTICS,240,40,79,13,33,18,21,3,32,26,11,1,17,22,2019-03-06
17,SACRAMENTO KINGS,240,40,80,13,29,16,22,6,34,23,8,4,15,21,2019-03-06
18,DALLAS MAVERICKS,240,45,93,15,41,18,28,14,25,27,7,2,7,19,2019-03-06
19,WASHINGTON WIZARDS,240,50,93,12,33,20,25,15,34,30,3,2,12,26,2019-03-06
0,INDIANA PACERS,240,35,90,14,37,14,20,6,34,26,10,7,10,16,2019-03-07
1,MILWAUKEE BUCKS,240,43,86,14,35,17,21,8,44,21,7,10,13,19,2019-03-07
2,OKLAHOMA CITY THUNDER,265,48,105,8,27,25,32,16,42,14,7,5,15,31,2019-03-07
3,PORTLAND TRAIL BLAZERS,265,37,94,9,41,38,47,14,37,14,7,8,14,27,2019-03-07
0,DETROIT PISTONS,240,45,83,9,27,13,21,7,34,23,5,9,15,19,2019-03-08
1,CHICAGO BULLS,240,42,82,5,17,15,23,8,27,20,9,4,16,18,2019-03-08
2,WASHINGTON WIZARDS,240,40,86,9,27,22,26,13,33,28,8,5,14,19,2019-03-08
3,CHARLOTTE HORNETS,240,40,96,14,41,18,20,18,34,24,7,8,12,18,2019-03-08
4,DENVER NUGGETS,240,33,87,12,33,27,35,14,32,21,9,3,17,22,2019-03-08
5,GOLDEN STATE WARRIORS,240,45,84,18,35,14,21,7,36,32,11,10,17,28,2019-03-08
6,PHILADELPHIA 76ERS,240,35,95,3,26,18,23,22,37,20,9,4,18,17,2019-03-08
7,HOUSTON ROCKETS,240,42,85,13,41,10,15,7,36,22,13,0,17,18,2019-03-08
8,OKLAHOMA CITY THUNDER,240,41,102,11,44,17,26,14,38,20,3,7,11,34,2019-03-08
9,LOS ANGELES CLIPPERS,240,39,86,9,25,31,46,10,43,20,7,4,10,26,2019-03-08
10,UTAH JAZZ,240,35,82,18,48,16,24,10,31,21,8,10,12,20,2019-03-08
11,MEMPHIS GRIZZLIES,240,46,90,9,22,13,15,8,35,31,5,5,10,18,2019-03-08
12,CLEVELAND CAVALIERS,240,39,81,19,43,13,16,6,22,28,6,1,15,25,2019-03-08
13,MIAMI HEAT,240,45,79,12,25,24,33,14,31,31,5,5,12,15,2019-03-08
14,TORONTO RAPTORS,240,53,99,13,37,8,9,7,44,31,10,12,16,14,2019-03-08
15,NEW ORLEANS PELICANS,240,43,105,10,39,8,13,14,37,28,11,0,17,12,2019-03-08
16,DALLAS MAVERICKS,240,42,89,10,34,12,16,10,32,22,6,3,14,15,2019-03-08
17,ORLANDO MAGIC,240,42,87,14,29,13,18,11,37,26,9,5,14,18,2019-03-08
0,BROOKLYN NETS,240,33,86,15,44,33,54,15,39,21,7,3,14,23,2019-03-09
1,ATLANTA HAWKS,240,39,105,8,41,26,32,18,39,22,7,2,10,37,2019-03-09
2,BOSTON CELTICS,240,48,93,14,38,10,14,6,37,32,6,5,13,17,2019-03-09
3,LOS ANGELES LAKERS,240,44,91,5,27,14,18,8,35,28,4,4,12,16,2019-03-09
4,CHARLOTTE HORNETS,240,44,93,15,39,11,14,6,29,25,4,2,12,24,2019-03-09
5,MILWAUKEE BUCKS,240,44,90,17,44,26,30,14,41,27,9,2,12,17,2019-03-09
6,WASHINGTON WIZARDS,265,48,100,16,44,18,24,10,40,31,8,5,18,23,2019-03-09
7,MINNESOTA TIMBERWOLVES,265,51,114,12,36,21,24,18,37,25,9,3,9,17,2019-03-09
8,SACRAMENTO KINGS,240,36,95,12,36,18,22,11,42,16,5,3,7,14,2019-03-09
9,NEW YORK KNICKS,240,35,94,10,35,14,21,13,45,16,3,5,9,20,2019-03-09
10,PHOENIX SUNS,240,43,103,9,27,25,29,13,30,27,7,5,8,23,2019-03-09
11,PORTLAND TRAIL BLAZERS,240,43,86,13,29,28,36,12,40,19,5,7,16,27,2019-03-09
0,NEW ORLEANS PELICANS,240,45,101,18,41,8,8,5,37,29,6,9,8,17,2019-03-10
1,ATLANTA HAWKS,240,48,98,17,37,15,18,10,46,30,4,5,9,12,2019-03-10
2,HOUSTON ROCKETS,240,32,88,16,52,14,22,13,28,18,6,4,12,20,2019-03-10
3,DALLAS MAVERICKS,240,31,75,9,32,22,27,10,41,24,6,9,16,20,2019-03-10
4,CHICAGO BULLS,240,41,82,9,18,17,26,6,31,18,4,5,10,18,2019-03-10
5,DETROIT PISTONS,240,49,91,19,35,14,22,10,34,34,5,1,7,24,2019-03-10
6,PHOENIX SUNS,240,42,86,10,25,21,27,9,39,26,10,4,14,18,2019-03-10
7,GOLDEN STATE WARRIORS,240,42,95,10,43,17,22,15,34,34,10,6,17,24,2019-03-10
8,ORLANDO MAGIC,240,31,87,12,38,23,27,15,38,23,6,4,13,23,2019-03-10
9,MEMPHIS GRIZZLIES,240,34,82,9,31,28,31,6,39,23,6,6,10,22,2019-03-10
10,TORONTO RAPTORS,240,42,74,21,40,20,26,6,38,32,8,8,19,23,2019-03-10
11,MIAMI HEAT,240,42,92,8,27,12,21,9,27,27,13,0,13,22,2019-03-10
12,NEW YORK KNICKS,240,37,86,10,25,8,14,10,33,20,5,8,17,14,2019-03-10
13,MINNESOTA TIMBERWOLVES,240,42,94,9,30,10,13,9,31,22,13,10,11,16,2019-03-10
14,INDIANA PACERS,240,31,83,5,16,22,37,12,32,18,8,4,14,27,2019-03-10
15,PHILADELPHIA 76ERS,240,38,87,7,23,23,30,13,39,24,10,3,13,26,2019-03-10
16,MILWAUKEE BUCKS,240,41,87,14,36,18,25,6,39,22,3,2,10,17,2019-03-10
17,SAN ANTONIO SPURS,240,49,100,12,29,11,15,8,38,24,6,3,4,18,2019-03-10
0,DETROIT PISTONS,240,27,97,8,34,13,16,17,32,16,7,3,12,22,2019-03-11
1,BROOKLYN NETS,240,39,79,11,31,14,22,5,48,21,9,4,17,18,2019-03-11
2,TORONTO RAPTORS,240,40,84,11,39,10,17,6,37,20,8,3,20,24,2019-03-11
3,CLEVELAND CAVALIERS,240,44,94,18,41,20,21,11,40,27,8,1,12,19,2019-03-11
4,CHARLOTTE HORNETS,240,38,89,16,41,14,15,7,32,23,4,4,11,20,2019-03-11
5,HOUSTON ROCKETS,240,38,91,17,43,25,27,12,43,25,7,4,14,17,2019-03-11
6,BOSTON CELTICS,240,44,91,14,36,13,19,7,22,26,11,4,13,24,2019-03-11
7,LOS ANGELES CLIPPERS,240,53,86,13,28,21,25,10,37,29,4,1,19,26,2019-03-11
8,OKLAHOMA CITY THUNDER,240,36,79,7,22,19,27,6,42,18,8,5,16,21,2019-03-11
9,UTAH JAZZ,240,32,88,13,43,12,17,11,37,22,12,6,13,25,2019-03-11
10,SACRAMENTO KINGS,240,41,91,9,27,24,32,9,38,28,8,3,16,25,2019-03-11
11,WASHINGTON WIZARDS,240,40,86,14,37,27,33,7,40,29,12,1,17,25,2019-03-11
0,LOS ANGELES LAKERS,240,47,86,13,33,16,20,5,36,23,11,5,13,14,2019-03-12
1,CHICAGO BULLS,240,42,91,11,27,12,12,11,33,23,6,0,16,22,2019-03-12
2,SAN ANTONIO SPURS,240,43,82,8,22,18,18,7,31,26,11,3,12,25,2019-03-12
3,DALLAS MAVERICKS,240,38,82,14,39,15,26,9,29,22,1,2,14,16,2019-03-12
4,MINNESOTA TIMBERWOLVES,240,41,89,11,30,14,14,12,23,24,10,6,14,20,2019-03-12
5,DENVER NUGGETS,240,51,85,18,30,13,15,7,29,40,6,6,14,16,2019-03-12
6,NEW YORK KNICKS,240,35,80,13,28,15,18,8,40,22,4,5,19,23,2019-03-12
7,INDIANA PACERS,240,37,85,8,28,21,29,8,34,26,11,3,10,22,2019-03-12
8,PORTLAND TRAIL BLAZERS,240,47,96,12,31,19,26,18,32,27,8,3,12,20,2019-03-12
9,LOS ANGELES CLIPPERS,240,38,95,9,15,19,27,25,26,21,7,3,11,21,2019-03-12
10,MILWAUKEE BUCKS,240,48,97,10,36,24,28,5,47,27,5,4,13,20,2019-03-12
11,NEW ORLEANS PELICANS,240,46,107,10,47,11,16,13,37,27,3,4,15,23,2019-03-12
12,CLEVELAND CAVALIERS,240,40,101,13,38,6,8,9,28,14,8,2,7,17,2019-03-12
13,PHILADELPHIA 76ERS,240,42,85,8,23,14,17,12,48,25,4,7,21,18,2019-03-12
0,MEMPHIS GRIZZLIES,240,38,89,14,40,21,26,9,26,28,8,6,14,17,2019-03-13
1,ATLANTA HAWKS,240,52,103,17,45,11,14,15,36,35,9,9,11,26,2019-03-13
2,GOLDEN STATE WARRIORS,240,42,85,12,32,10,10,12,32,28,7,2,14,20,2019-03-13
3,HOUSTON ROCKETS,240,37,78,11,41,19,23,5,26,18,7,3,10,16,2019-03-13
4,DETROIT PISTONS,240,27,77,8,37,12,18,10,27,20,7,7,17,23,2019-03-13
5,MIAMI HEAT,240,39,84,11,28,19,24,13,38,22,10,5,11,18,2019-03-13
6,BROOKLYN NETS,240,35,84,13,35,13,19,7,36,19,7,5,16,18,2019-03-13
7,OKLAHOMA CITY THUNDER,240,41,96,11,28,15,19,16,35,21,9,6,11,20,2019-03-13
8,UTAH JAZZ,240,42,90,12,33,18,25,12,40,30,8,4,12,22,2019-03-13
9,PHOENIX SUNS,240,36,82,7,19,18,23,5,30,21,8,3,12,20,2019-03-13
10,ORLANDO MAGIC,240,35,90,12,33,8,9,12,36,26,3,3,10,15,2019-03-13
11,WASHINGTON WIZARDS,240,42,90,8,27,8,12,10,36,20,5,2,8,13,2019-03-13
0,SACRAMENTO KINGS,240,48,95,11,34,13,23,8,39,31,9,2,10,24,2019-03-14
1,BOSTON CELTICS,240,49,97,9,28,19,26,10,42,32,7,2,13,20,2019-03-14
2,DALLAS MAVERICKS,240,37,87,12,37,13,17,9,31,22,8,1,8,17,2019-03-14
3,DENVER NUGGETS,240,39,81,8,29,14,17,8,36,27,6,7,11,16,2019-03-14
4,OKLAHOMA CITY THUNDER,240,38,86,14,30,16,20,8,36,24,11,5,17,28,2019-03-14
5,INDIANA PACERS,240,37,82,7,22,27,32,6,33,24,11,3,16,17,2019-03-14
6,CLEVELAND CAVALIERS,240,35,86,7,31,14,15,8,35,13,4,4,15,18,2019-03-14
7,ORLANDO MAGIC,240,45,93,14,31,16,21,12,38,31,11,3,9,14,2019-03-14
8,LOS ANGELES LAKERS,240,38,85,7,31,15,24,6,40,24,11,3,20,21,2019-03-14
9,TORONTO RAPTORS,240,36,91,16,41,23,29,13,39,21,15,6,17,20,2019-03-14
10,MINNESOTA TIMBERWOLVES,240,42,91,5,24,11,15,8,30,27,6,2,11,23,2019-03-14
11,UTAH JAZZ,240,44,89,13,38,19,27,13,36,30,7,8,11,20,2019-03-14
0,LOS ANGELES LAKERS,240,36,86,6,25,19,26,11,36,24,9,4,14,26,2019-03-15
1,DETROIT PISTONS,240,37,86,17,39,20,32,16,34,26,5,4,14,19,2019-03-15
2,PHOENIX SUNS,240,38,89,7,26,19,25,15,34,22,9,4,21,21,2019-03-15
3,HOUSTON ROCKETS,240,36,83,11,40,25,33,7,35,18,13,6,13,20,2019-03-15
4,CHICAGO BULLS,240,42,80,11,21,26,33,8,36,24,3,6,16,26,2019-03-15
5,LOS ANGELES CLIPPERS,240,44,99,10,20,30,35,15,28,28,9,5,7,30,2019-03-15
6,MILWAUKEE BUCKS,240,42,88,12,33,17,24,8,44,29,8,9,15,21,2019-03-15
7,MIAMI HEAT,240,38,93,8,22,14,25,10,35,21,7,5,12,18,2019-03-15
8,PORTLAND TRAIL BLAZERS,240,43,96,10,27,26,32,17,37,26,7,8,15,18,2019-03-15
9,NEW ORLEANS PELICANS,240,45,94,8,30,12,25,14,31,31,7,6,11,23,2019-03-15
10,SACRAMENTO KINGS,240,43,94,9,27,19,24,10,30,23,4,2,8,22,2019-03-15
11,PHILADELPHIA 76ERS,240,46,91,7,24,24,27,10,39,28,7,6,10,18,2019-03-15
12,NEW YORK KNICKS,240,35,86,8,20,5,9,9,32,21,6,4,16,13,2019-03-15
13,SAN ANTONIO SPURS,240,47,88,7,21,8,10,6,39,31,8,6,9,13,2019-03-15
14,CHARLOTTE HORNETS,240,46,101,14,31,10,12,15,31,18,11,7,12,17,2019-03-15
15,WASHINGTON WIZARDS,240,41,84,13,34,15,19,8,37,25,8,5,17,14,2019-03-15
0,ATLANTA HAWKS,240,43,100,15,40,19,24,19,31,27,11,5,17,25,2019-03-16
1,BOSTON CELTICS,240,44,93,13,36,28,37,11,35,30,10,7,14,21,2019-03-16
2,CLEVELAND CAVALIERS,240,40,86,15,38,21,22,6,27,20,1,0,6,20,2019-03-16
3,DALLAS MAVERICKS,240,46,89,16,34,13,16,9,31,32,3,5,5,22,2019-03-16
4,INDIANA PACERS,240,34,75,6,24,26,37,8,33,20,6,2,9,19,2019-03-16
5,DENVER NUGGETS,240,39,82,11,38,13,20,9,30,27,6,5,10,22,2019-03-16
6,PHOENIX SUNS,265,51,100,9,29,27,36,11,37,31,10,7,22,33,2019-03-16
7,NEW ORLEANS PELICANS,265,47,102,15,30,27,41,18,39,34,11,4,22,30,2019-03-16
8,GOLDEN STATE WARRIORS,240,39,83,15,35,17,22,8,45,25,10,6,16,22,2019-03-16
9,OKLAHOMA CITY THUNDER,240,31,96,13,41,13,23,17,35,18,4,5,16,18,2019-03-16
10,PORTLAND TRAIL BLAZERS,240,42,101,7,28,12,14,14,37,23,4,2,8,22,2019-03-16
11,SAN ANTONIO SPURS,240,37,79,8,17,26,30,4,40,17,4,10,10,14,2019-03-16
12,BROOKLYN NETS,240,33,95,12,36,20,22,8,36,20,9,5,7,24,2019-03-16
13,UTAH JAZZ,240,39,91,13,36,23,31,15,50,24,3,7,15,21,2019-03-16
14,MEMPHIS GRIZZLIES,240,48,90,12,33,20,26,7,33,35,5,3,8,27,2019-03-16
15,WASHINGTON WIZARDS,240,41,81,17,35,36,43,9,36,26,6,7,11,21,2019-03-16
0,TORONTO RAPTORS,240,39,82,18,36,11,14,7,31,25,2,2,12,22,2019-03-17
1,DETROIT PISTONS,240,39,83,8,27,24,27,11,33,23,8,3,10,18,2019-03-17
2,MINNESOTA TIMBERWOLVES,240,38,92,10,32,16,23,15,37,22,5,4,14,13,2019-03-17
3,HOUSTON ROCKETS,240,43,94,21,50,10,14,10,34,29,9,3,9,25,2019-03-17
4,BROOKLYN NETS,240,42,100,14,38,18,25,15,36,26,6,7,14,28,2019-03-17
5,LOS ANGELES CLIPPERS,240,42,97,12,31,23,28,16,38,26,8,6,13,25,2019-03-17
6,CHARLOTTE HORNETS,240,26,83,7,36,16,18,11,33,11,6,5,12,19,2019-03-17
7,MIAMI HEAT,240,34,86,13,33,12,19,15,40,25,6,7,11,21,2019-03-17
8,PHILADELPHIA 76ERS,240,47,100,15,32,21,30,15,39,26,8,2,13,23,2019-03-17
9,MILWAUKEE BUCKS,240,43,95,16,50,23,28,10,35,25,9,6,10,22,2019-03-17
10,LOS ANGELES LAKERS,240,47,97,7,27,22,28,15,20,26,12,5,10,21,2019-03-17
11,NEW YORK KNICKS,240,44,76,12,26,24,29,10,35,24,4,5,23,26,2019-03-17
12,ATLANTA HAWKS,240,38,91,8,35,7,10,8,42,20,8,3,18,29,2019-03-17
13,ORLANDO MAGIC,240,33,85,9,37,26,33,10,45,21,12,3,14,15,2019-03-17
14,CHICAGO BULLS,240,39,88,10,26,14,21,10,29,20,6,6,19,16,2019-03-17
15,SACRAMENTO KINGS,240,54,103,8,23,13,16,15,33,28,12,7,10,21,2019-03-17
0,DENVER NUGGETS,240,46,94,14,39,8,10,11,40,29,6,5,17,19,2019-03-18
1,BOSTON CELTICS,240,39,93,12,39,15,19,12,25,24,12,5,12,16,2019-03-18
2,DETROIT PISTONS,240,42,94,18,44,17,21,19,28,24,6,4,11,21,2019-03-18
3,CLEVELAND CAVALIERS,240,46,79,11,22,23,27,5,31,22,6,3,8,16,2019-03-18
4,NEW ORLEANS PELICANS,265,49,104,12,39,19,22,14,41,34,7,6,17,28,2019-03-18
5,DALLAS MAVERICKS,265,46,105,9,35,24,29,14,36,27,9,6,15,26,2019-03-18
6,MIAMI HEAT,240,46,97,9,29,15,16,9,35,30,13,4,8,23,2019-03-18
7,OKLAHOMA CITY THUNDER,240,38,87,10,37,21,27,13,36,21,4,8,19,17,2019-03-18
8,CHICAGO BULLS,240,46,89,4,16,20,24,11,38,21,9,4,13,22,2019-03-18
9,PHOENIX SUNS,240,39,84,7,26,16,26,9,29,24,5,5,12,22,2019-03-18
10,INDIANA PACERS,240,35,83,10,24,18,22,12,27,25,12,3,13,21,2019-03-18
11,PORTLAND TRAIL BLAZERS,240,37,79,13,32,19,21,8,30,24,8,9,17,23,2019-03-18
12,GOLDEN STATE WARRIORS,240,41,88,13,39,10,12,7,36,27,7,6,13,20,2019-03-18
13,SAN ANTONIO SPURS,240,41,88,10,26,19,22,10,36,20,7,5,10,12,2019-03-18
14,NEW YORK KNICKS,240,28,85,8,35,28,32,7,29,16,8,4,13,18,2019-03-18
15,TORONTO RAPTORS,240,49,88,17,40,13,22,5,45,36,5,6,14,22,2019-03-18
16,UTAH JAZZ,240,49,91,14,37,4,6,7,34,35,10,8,17,21,2019-03-18
17,WASHINGTON WIZARDS,240,34,81,8,27,19,22,5,29,20,9,2,16,16,2019-03-18
0,HOUSTON ROCKETS,240,40,78,19,47,22,30,6,31,28,13,2,14,17,2019-03-19
1,ATLANTA HAWKS,240,39,84,15,40,12,15,8,37,30,6,1,19,23,2019-03-19
2,PHILADELPHIA 76ERS,240,43,86,11,32,21,28,6,38,29,5,4,7,27,2019-03-19
3,CHARLOTTE HORNETS,240,36,83,9,35,33,44,10,36,16,3,2,9,22,2019-03-19
4,INDIANA PACERS,240,45,87,7,21,12,17,11,35,30,8,6,20,20,2019-03-19
5,LOS ANGELES CLIPPERS,240,43,89,10,34,19,27,10,29,28,14,2,13,20,2019-03-19
6,LOS ANGELES LAKERS,240,33,86,16,43,19,23,8,34,20,9,5,19,18,2019-03-19
7,MILWAUKEE BUCKS,240,41,89,15,47,18,27,12,42,25,9,4,17,19,2019-03-19
8,GOLDEN STATE WARRIORS,240,44,91,19,42,10,14,8,38,39,6,7,13,25,2019-03-19
9,MINNESOTA TIMBERWOLVES,240,36,89,9,36,26,32,13,39,25,7,0,13,14,2019-03-19
10,BROOKLYN NETS,240,47,94,12,35,17,23,11,30,28,16,4,18,19,2019-03-19
11,SACRAMENTO KINGS,240,49,95,9,25,14,20,14,32,25,13,1,20,19,2019-03-19
0,WASHINGTON WIZARDS,265,44,93,14,42,18,23,12,38,25,10,9,16,21,2019-03-20
1,CHICAGO BULLS,265,50,106,12,23,14,17,15,33,29,10,2,13,16,2019-03-20
2,MILWAUKEE BUCKS,240,36,91,13,32,17,21,11,40,24,9,7,9,16,2019-03-20
3,CLEVELAND CAVALIERS,240,39,93,11,39,18,24,13,41,18,4,6,11,17,2019-03-20
4,HOUSTON ROCKETS,265,42,94,21,48,20,20,11,28,19,10,4,12,27,2019-03-20
5,MEMPHIS GRIZZLIES,265,41,89,13,37,31,39,15,36,20,8,0,17,19,2019-03-20
6,UTAH JAZZ,240,48,85,20,42,21,25,7,33,38,7,3,10,18,2019-03-20
7,NEW YORK KNICKS,240,45,86,13,31,13,21,8,32,23,6,6,14,21,2019-03-20
8,TORONTO RAPTORS,265,45,87,14,36,19,21,6,46,30,11,5,17,27,2019-03-20
9,OKLAHOMA CITY THUNDER,265,43,103,13,43,15,29,16,32,22,6,2,17,22,2019-03-20
10,NEW ORLEANS PELICANS,240,38,102,10,34,10,13,14,35,24,9,2,13,15,2019-03-20
11,ORLANDO MAGIC,240,46,102,15,38,12,14,20,45,28,8,10,14,14,2019-03-20
12,BOSTON CELTICS,240,45,96,12,32,13,16,10,36,22,1,3,8,25,2019-03-20
13,PHILADELPHIA 76ERS,240,34,90,11,33,39,43,17,37,23,5,5,8,17,2019-03-20
14,DALLAS MAVERICKS,240,43,87,10,30,22,25,6,29,20,8,6,11,22,2019-03-20
15,PORTLAND TRAIL BLAZERS,240,45,91,16,36,20,25,12,36,23,6,4,14,17,2019-03-20
16,MIAMI HEAT,240,40,86,16,35,14,18,6,42,23,6,5,10,21,2019-03-20
17,SAN ANTONIO SPURS,240,38,88,14,34,15,21,10,36,30,2,3,8,13,2019-03-20
0,UTAH JAZZ,240,43,94,10,32,18,26,14,35,25,12,3,15,24,2019-03-21
1,ATLANTA HAWKS,240,41,87,19,40,16,23,9,34,26,8,5,16,23,2019-03-21
2,MINNESOTA TIMBERWOLVES,240,39,88,10,28,18,29,9,40,23,6,7,13,21,2019-03-21
3,CHARLOTTE HORNETS,240,43,100,9,29,18,24,15,40,26,5,6,10,24,2019-03-21
4,INDIANA PACERS,240,35,91,6,23,13,17,12,35,17,7,3,15,18,2019-03-21
5,GOLDEN STATE WARRIORS,240,44,89,13,36,11,16,10,40,32,6,8,15,19,2019-03-21
6,DETROIT PISTONS,240,38,90,17,42,25,34,19,27,23,11,6,13,26,2019-03-21
7,PHOENIX SUNS,240,35,73,7,26,21,26,7,28,22,6,4,19,27,2019-03-21
8,DALLAS MAVERICKS,240,36,92,12,40,16,23,9,34,23,5,6,7,22,2019-03-21
9,SACRAMENTO KINGS,240,41,87,13,35,21,28,12,46,24,7,9,12,18,2019-03-21
10,DENVER NUGGETS,240,46,87,14,30,7,11,9,31,30,9,4,8,20,2019-03-21
11,WASHINGTON WIZARDS,240,40,79,8,28,20,21,6,32,25,4,2,12,15,2019-03-21
0,LOS ANGELES CLIPPERS,240,42,82,6,26,20,23,7,36,24,6,6,11,16,2019-03-22
1,CLEVELAND CAVALIERS,240,43,90,12,31,10,13,8,33,14,7,2,13,22,2019-03-22
2,SAN ANTONIO SPURS,240,41,90,7,24,16,17,9,39,27,6,7,11,23,2019-03-22
3,HOUSTON ROCKETS,240,36,86,14,37,25,32,8,40,12,5,4,9,19,2019-03-22
4,BROOKLYN NETS,240,37,92,16,42,21,28,11,36,21,8,4,13,25,2019-03-22
5,LOS ANGELES LAKERS,240,37,96,9,36,23,32,19,40,21,8,9,16,26,2019-03-22
6,MIAMI HEAT,240,32,85,11,37,12,23,10,30,20,7,6,9,18,2019-03-22
7,MILWAUKEE BUCKS,240,43,85,17,34,13,20,9,43,33,5,5,14,23,2019-03-22
8,DENVER NUGGETS,240,40,96,15,38,16,19,17,45,24,5,5,8,15,2019-03-22
9,NEW YORK KNICKS,240,34,90,9,32,16,21,8,37,20,3,5,7,15,2019-03-22
10,MEMPHIS GRIZZLIES,265,47,93,15,38,10,21,10,42,28,5,6,13,24,2019-03-22
11,ORLANDO MAGIC,265,44,93,14,39,21,27,4,40,30,6,5,8,16,2019-03-22
12,OKLAHOMA CITY THUNDER,240,42,94,20,43,12,14,12,27,30,9,6,12,21,2019-03-22
13,TORONTO RAPTORS,240,39,78,13,25,18,21,11,35,20,7,7,21,24,2019-03-22
0,PHILADELPHIA 76ERS,240,42,91,10,23,33,39,14,38,21,7,4,13,15,2019-03-23
1,ATLANTA HAWKS,240,49,106,15,47,16,21,15,34,28,8,7,12,25,2019-03-23
2,UTAH JAZZ,240,46,95,11,32,11,15,12,46,27,7,8,11,17,2019-03-23
3,CHICAGO BULLS,240,33,92,2,16,15,20,11,34,16,6,3,12,16,2019-03-23
4,BOSTON CELTICS,240,44,93,19,43,10,15,7,35,31,6,8,10,23,2019-03-23
5,CHARLOTTE HORNETS,240,42,95,18,38,22,28,14,39,26,7,5,11,15,2019-03-23
6,DALLAS MAVERICKS,240,44,83,21,49,17,22,8,41,33,7,2,9,22,2019-03-23
7,GOLDEN STATE WARRIORS,240,36,90,4,30,15,21,8,28,22,6,2,10,22,2019-03-23
8,MINNESOTA TIMBERWOLVES,240,40,83,12,26,20,21,13,36,25,7,10,19,20,2019-03-23
9,MEMPHIS GRIZZLIES,240,36,96,10,33,17,22,20,27,22,8,4,15,22,2019-03-23
10,DETROIT PISTONS,240,42,84,14,34,14,14,6,23,24,9,3,7,21,2019-03-23
11,PORTLAND TRAIL BLAZERS,240,43,79,11,26,20,27,11,31,22,4,4,12,14,2019-03-23
12,PHOENIX SUNS,240,36,88,9,34,22,26,10,33,25,10,4,14,21,2019-03-23
13,SACRAMENTO KINGS,240,39,92,17,38,17,22,13,38,25,7,3,14,19,2019-03-23
14,MIAMI HEAT,240,44,88,12,39,13,19,12,32,29,5,10,11,23,2019-03-23
15,WASHINGTON WIZARDS,240,41,96,9,30,17,23,21,32,25,5,2,12,20,2019-03-23
0,SAN ANTONIO SPURS,240,50,98,8,24,7,8,11,40,32,1,4,8,19,2019-03-24
1,BOSTON CELTICS,240,38,94,7,35,13,16,11,34,23,4,2,8,14,2019-03-24
2,DETROIT PISTONS,240,39,84,12,31,24,25,10,19,25,6,0,6,13,2019-03-24
3,GOLDEN STATE WARRIORS,240,46,74,13,25,16,19,7,30,31,3,5,13,23,2019-03-24
4,DENVER NUGGETS,240,33,93,7,29,15,16,15,26,21,5,7,17,17,2019-03-24
5,INDIANA PACERS,240,51,91,8,18,14,17,10,39,34,9,5,11,17,2019-03-24
6,SACRAMENTO KINGS,240,39,104,14,33,14,23,16,34,27,13,4,7,22,2019-03-24
7,LOS ANGELES LAKERS,240,39,85,13,40,20,24,9,47,29,4,8,20,22,2019-03-24
8,CLEVELAND CAVALIERS,240,41,96,11,41,12,17,12,33,23,6,1,12,21,2019-03-24
9,MILWAUKEE BUCKS,240,48,87,15,41,16,21,4,41,26,8,7,9,13,2019-03-24
10,HOUSTON ROCKETS,240,42,86,21,49,8,9,13,37,24,10,5,17,16,2019-03-24
11,NEW ORLEANS PELICANS,240,38,92,7,28,7,10,15,29,26,9,3,15,9,2019-03-24
12,LOS ANGELES CLIPPERS,240,38,86,15,35,33,37,12,30,24,7,4,8,19,2019-03-24
13,NEW YORK KNICKS,240,41,86,9,33,22,25,13,31,22,5,7,14,24,2019-03-24
14,CHARLOTTE HORNETS,240,41,93,18,41,15,17,14,25,32,12,3,7,17,2019-03-24
15,TORONTO RAPTORS,240,45,77,11,26,13,13,3,32,29,6,11,13,17,2019-03-24
0,OKLAHOMA CITY THUNDER,240,38,95,12,36,15,20,12,29,17,8,4,10,25,2019-03-25
1,MEMPHIS GRIZZLIES,240,40,89,11,33,24,31,13,44,31,8,3,11,18,2019-03-25
2,PHILADELPHIA 76ERS,240,36,73,6,23,20,26,6,33,20,4,2,15,18,2019-03-25
3,ORLANDO MAGIC,240,45,87,11,29,18,23,13,31,28,9,2,7,18,2019-03-25
4,BROOKLYN NETS,290,49,103,15,42,31,44,15,44,25,3,4,16,31,2019-03-25
5,PORTLAND TRAIL BLAZERS,290,53,121,14,45,28,36,16,39,35,9,5,3,30,2019-03-25
6,PHOENIX SUNS,240,31,76,7,23,23,28,9,27,12,8,3,21,18,2019-03-25
7,UTAH JAZZ,240,48,86,10,21,19,23,10,33,31,11,4,14,23,2019-03-25
0,SAN ANTONIO SPURS,265,44,108,13,39,15,21,17,43,24,4,5,12,21,2019-03-26
1,CHARLOTTE HORNETS,265,46,100,13,42,20,28,5,40,30,9,5,6,18,2019-03-26
2,BOSTON CELTICS,240,46,91,10,25,14,19,11,35,23,8,3,10,21,2019-03-26
3,CLEVELAND CAVALIERS,240,39,80,9,28,19,25,3,33,24,4,1,14,21,2019-03-26
4,SACRAMENTO KINGS,240,44,87,10,23,27,32,12,25,27,4,1,7,23,2019-03-26
5,DALLAS MAVERICKS,240,39,77,15,45,28,32,7,31,27,1,6,11,26,2019-03-26
6,DETROIT PISTONS,240,36,102,11,42,9,13,17,39,19,5,2,6,21,2019-03-26
7,DENVER NUGGETS,240,37,87,7,27,14,20,11,45,22,3,2,14,19,2019-03-26
8,WASHINGTON WIZARDS,240,39,90,6,32,22,27,11,28,21,5,4,17,20,2019-03-26
9,LOS ANGELES LAKERS,240,48,89,11,33,17,23,13,39,37,9,5,18,21,2019-03-26
10,ORLANDO MAGIC,240,37,89,14,42,16,23,15,40,27,5,5,15,19,2019-03-26
11,MIAMI HEAT,240,36,86,10,33,17,21,6,33,25,10,1,11,22,2019-03-26
12,HOUSTON ROCKETS,240,36,99,16,52,6,7,8,38,17,7,5,13,15,2019-03-26
13,MILWAUKEE BUCKS,240,42,94,14,34,10,13,10,50,24,10,6,15,11,2019-03-26
14,LOS ANGELES CLIPPERS,240,46,85,16,32,14,14,3,48,30,8,4,18,26,2019-03-26
15,MINNESOTA TIMBERWOLVES,240,41,94,9,27,20,33,10,33,22,13,1,10,18,2019-03-26
16,ATLANTA HAWKS,240,44,97,19,51,23,26,9,32,30,13,4,16,26,2019-03-26
17,NEW ORLEANS PELICANS,240,39,83,12,34,30,40,8,37,28,10,6,24,23,2019-03-26
18,CHICAGO BULLS,240,39,86,8,23,17,20,7,38,20,12,2,18,16,2019-03-26
19,TORONTO RAPTORS,240,42,86,12,28,16,16,2,37,28,13,7,15,16,2019-03-26
0,PORTLAND TRAIL BLAZERS,240,43,83,11,32,21,25,9,36,30,4,3,8,16,2019-03-27
1,CHICAGO BULLS,240,39,91,5,23,15,19,16,28,22,4,0,8,19,2019-03-27
2,GOLDEN STATE WARRIORS,240,45,84,15,31,13,15,6,40,30,9,7,14,19,2019-03-27
3,MEMPHIS GRIZZLIES,240,39,100,10,31,15,21,19,32,22,11,5,9,16,2019-03-27
4,INDIANA PACERS,240,40,92,13,31,6,11,8,37,26,4,6,11,17,2019-03-27
5,OKLAHOMA CITY THUNDER,240,41,92,13,36,12,19,9,35,29,7,7,6,14,2019-03-27
6,WASHINGTON WIZARDS,240,43,90,9,25,29,43,15,37,18,10,3,10,20,2019-03-27
7,PHOENIX SUNS,240,43,87,14,37,21,26,11,37,22,9,7,15,28,2019-03-27
8,LOS ANGELES LAKERS,240,37,97,9,27,17,24,8,32,21,9,5,4,23,2019-03-27
9,UTAH JAZZ,240,41,83,10,32,23,36,8,46,33,4,5,11,18,2019-03-27
0,ORLANDO MAGIC,240,37,94,8,31,16,20,15,28,21,5,4,12,14,2019-03-28
1,DETROIT PISTONS,240,46,86,17,35,6,12,10,33,25,8,9,11,18,2019-03-28
2,DENVER NUGGETS,240,31,84,4,24,19,20,7,31,22,7,3,14,17,2019-03-28
3,HOUSTON ROCKETS,240,40,87,15,40,17,20,11,35,22,8,3,10,19,2019-03-28
4,DALLAS MAVERICKS,240,36,92,16,47,11,17,10,40,26,4,2,13,21,2019-03-28
5,MIAMI HEAT,240,39,89,7,30,20,27,10,45,24,7,4,10,22,2019-03-28
6,LOS ANGELES CLIPPERS,240,42,92,17,33,17,22,8,38,26,7,3,11,21,2019-03-28
7,MILWAUKEE BUCKS,240,45,86,16,37,22,27,3,44,25,5,5,8,21,2019-03-28
8,SACRAMENTO KINGS,240,47,95,10,23,14,16,8,36,28,6,10,12,19,2019-03-28
9,NEW ORLEANS PELICANS,240,49,97,9,28,14,14,8,37,27,6,6,12,16,2019-03-28
10,TORONTO RAPTORS,240,40,89,20,47,17,22,6,38,32,8,6,8,28,2019-03-28
11,NEW YORK KNICKS,240,31,85,6,26,24,32,14,40,16,3,5,16,22,2019-03-28
12,BROOKLYN NETS,240,40,90,11,32,19,29,11,34,25,4,3,15,22,2019-03-28
13,PHILADELPHIA 76ERS,240,45,90,12,25,21,28,9,36,27,10,3,9,23,2019-03-28
14,CLEVELAND CAVALIERS,240,45,92,12,29,8,10,14,35,18,6,1,14,20,2019-03-28
15,SAN ANTONIO SPURS,240,45,85,14,33,12,17,4,29,27,8,6,11,14,2019-03-28
0,PORTLAND TRAIL BLAZERS,240,45,96,9,32,19,22,10,45,19,4,4,9,9,2019-03-29
1,ATLANTA HAWKS,240,38,94,9,38,13,14,8,33,20,5,7,10,22,2019-03-29
2,INDIANA PACERS,240,42,90,12,27,16,23,14,27,27,9,2,12,16,2019-03-29
3,BOSTON CELTICS,240,44,86,13,27,13,17,7,36,27,8,5,14,19,2019-03-29
4,CHARLOTTE HORNETS,240,42,88,15,39,16,17,8,29,26,8,2,13,14,2019-03-29
5,LOS ANGELES LAKERS,240,51,91,18,38,9,12,11,33,34,8,2,14,17,2019-03-29
6,GOLDEN STATE WARRIORS,265,46,98,18,40,20,28,8,37,27,11,3,14,24,2019-03-29
7,MINNESOTA TIMBERWOLVES,265,45,103,14,38,27,34,15,44,25,7,3,16,24,2019-03-29
8,DENVER NUGGETS,240,48,85,14,33,5,6,7,32,30,6,1,12,21,2019-03-29
9,OKLAHOMA CITY THUNDER,240,43,88,8,27,11,16,11,24,19,5,5,13,17,2019-03-29
10,WASHINGTON WIZARDS,240,48,98,15,37,13,22,12,30,32,11,3,13,18,2019-03-29
11,UTAH JAZZ,240,48,87,14,32,18,18,8,36,26,7,7,18,22,2019-03-29
0,BOSTON CELTICS,240,35,83,8,20,18,23,7,32,19,8,7,15,25,2019-03-30
1,BROOKLYN NETS,240,38,83,12,38,22,28,5,35,22,7,2,12,17,2019-03-30
2,TORONTO RAPTORS,240,46,89,18,38,14,18,6,41,35,10,4,11,15,2019-03-30
3,CHICAGO BULLS,240,41,97,9,30,10,16,17,36,21,7,6,13,15,2019-03-30
4,PORTLAND TRAIL BLAZERS,240,38,102,4,21,10,11,18,41,18,7,5,16,19,2019-03-30
5,DETROIT PISTONS,240,37,86,5,25,20,26,7,38,20,8,6,10,21,2019-03-30
6,SACRAMENTO KINGS,240,42,94,15,29,9,15,16,33,28,3,4,12,17,2019-03-30
7,HOUSTON ROCKETS,240,39,83,17,52,24,27,6,32,19,6,2,9,17,2019-03-30
8,ORLANDO MAGIC,240,47,92,15,38,12,14,9,28,37,9,3,7,16,2019-03-30
9,INDIANA PACERS,240,48,90,9,24,11,17,11,33,26,4,3,15,18,2019-03-30
10,CLEVELAND CAVALIERS,240,41,92,3,23,23,28,14,22,18,11,0,11,16,2019-03-30
11,LOS ANGELES CLIPPERS,240,53,85,15,33,11,16,9,35,33,5,5,16,25,2019-03-30
12,PHILADELPHIA 76ERS,240,44,94,15,31,15,21,15,40,32,5,4,11,20,2019-03-30
13,MINNESOTA TIMBERWOLVES,240,39,86,11,26,20,25,4,32,23,6,6,9,15,2019-03-30
14,MIAMI HEAT,240,39,90,9,32,13,17,14,37,26,11,3,18,21,2019-03-30
15,NEW YORK KNICKS,240,31,77,9,38,21,25,8,34,20,10,7,18,16,2019-03-30
16,MEMPHIS GRIZZLIES,240,41,89,8,25,30,40,15,29,24,15,6,11,18,2019-03-30
17,PHOENIX SUNS,240,43,81,12,28,17,23,7,33,27,8,7,19,26,2019-03-30
0,MILWAUKEE BUCKS,265,48,116,17,55,22,23,22,49,30,6,3,16,20,2019-03-31
1,ATLANTA HAWKS,265,52,118,22,61,10,17,15,43,36,10,10,9,13,2019-03-31
2,WASHINGTON WIZARDS,240,37,92,6,24,15,20,9,45,24,9,6,10,21,2019-03-31
3,DENVER NUGGETS,240,35,93,7,36,13,20,12,45,18,6,5,11,18,2019-03-31
4,CHARLOTTE HORNETS,240,30,85,8,32,22,25,7,21,24,8,4,11,11,2019-03-31
5,GOLDEN STATE WARRIORS,240,53,88,21,33,10,12,10,40,41,7,10,15,19,2019-03-31
6,MEMPHIS GRIZZLIES,240,32,85,8,33,24,29,6,28,22,13,6,14,26,2019-03-31
7,LOS ANGELES CLIPPERS,240,36,75,7,27,34,38,5,42,23,9,5,18,23,2019-03-31
8,LOS ANGELES LAKERS,240,48,101,15,38,19,22,11,35,30,16,5,10,20,2019-03-31
9,NEW ORLEANS PELICANS,240,38,83,8,31,18,21,5,40,19,5,1,24,16,2019-03-31
10,DALLAS MAVERICKS,240,37,87,16,44,16,23,10,42,18,3,2,13,19,2019-03-31
11,OKLAHOMA CITY THUNDER,240,38,98,11,43,16,22,15,34,19,6,6,8,21,2019-03-31
12,SACRAMENTO KINGS,240,39,81,11,25,24,28,7,35,20,9,1,12,15,2019-03-31
13,SAN ANTONIO SPURS,240,44,94,8,27,10,14,15,27,24,7,3,11,22,2019-03-31
