,name,team,date,location,opponent,minutes,made_two_point_field_goals,made_three_point_field_goals,made_free_throws,rebounds,assists,blocks,steals,turnovers,recent_average,predicted_points,actual_points
0,Pascal Siakam,TORONTO RAPTORS,2020-02-21,HOME,PHOENIX SUNS,36.345666666666666,5.627479999999999,2.02646,2.518314,6.0892409999999995,4.01788,0.524,1.3158,1.63639,39.403,37.0695732,62.900000000000006
1,Nikola Jokić,DENVER NUGGETS,2020-02-21,AWAY,OKLAHOMA CITY THUNDER,36.32083333333333,6.666746000000001,1.32668,3.582555,8.945913,6.5624,1.20622,1.4187000000000003,2.6658,55.944,46.68374260000001,51.9
2,LeBron James,LOS ANGELES LAKERS,2020-02-21,HOME,MEMPHIS GRIZZLIES,35.63983333333333,5.416640000000001,2.3388999999999998,3.0771010000000003,6.6211079999999995,8.32696,0.13704,1.16589,3.33674,50.894,41.9349006,51.1
3,Anthony Davis,LOS ANGELES LAKERS,2020-02-21,HOME,MEMPHIS GRIZZLIES,36.213499999999996,7.302274000000001,1.32668,5.450373,7.544463,3.6304399999999997,0.97146,1.5489600000000001,1.7302899999999997,52.82899999999999,44.3649466,69.6
4,Gordon Hayward,BOSTON CELTICS,2020-02-21,AWAY,MINNESOTA TIMBERWOLVES,38.41383333333333,4.8771580000000005,1.84456,2.8202249999999998,7.613856,4.76136,0.77818,1.07727,1.71118,42.50799999999999,38.2420582,48.0
5,Steven Adams,OKLAHOMA CITY THUNDER,2020-02-21,HOME,DENVER NUGGETS,29.724666666666668,5.436344,0.87086,1.5980529999999997,8.320152,3.17356,1.23054,1.3479299999999999,1.6466699999999999,30.851,35.9165834,60.4
6,Luka Dončić,DALLAS MAVERICKS,2020-02-21,AWAY,ORLANDO MAGIC,31.399,4.657418,2.51652,5.624847000000001,6.6948360000000005,5.23604,0.22568000000000005,1.16619,2.23097,46.123,40.3217462,57.0
7,Dejounte Murray,SAN ANTONIO SPURS,2020-02-21,AWAY,UTAH JAZZ,28.031833333333335,4.976750000000001,1.14478,3.426869,6.297453,5.119,0.33664,1.27521,1.6618699999999995,36.489000000000004,35.2238326,48.4
8,Kristaps Porziņģis,DALLAS MAVERICKS,2020-02-21,AWAY,ORLANDO MAGIC,31.122,3.2241180000000007,2.48442,5.482469000000001,6.928674,3.23268,0.85216,1.26336,1.46353,49.02700000000001,37.43042380000001,56.5
9,Daniel Theis,BOSTON CELTICS,2020-02-21,AWAY,MINNESOTA TIMBERWOLVES,26.098666666666666,4.014916,1.0377800000000001,3.0351909999999998,7.582497,2.73512,1.01952,1.0917600000000003,1.1920200000000003,23.566000000000003,32.521859400000004,45.2
10,Nikola Vučević,ORLANDO MAGIC,2020-02-21,HOME,DALLAS MAVERICKS,35.60916666666667,4.7544,2.06284,1.5699680000000003,7.8451889999999995,5.19324,1.00782,1.32834,2.03903,47.897000000000006,39.44082480000001,57.9
11,Jayson Tatum,BOSTON CELTICS,2020-02-21,AWAY,MINNESOTA TIMBERWOLVES,39.544666666666664,3.8047440000000012,2.72196,5.382383,6.778005,3.55344,0.82388,1.43127,1.8368,49.099999999999994,39.55016700000001,49.7
12,Maxi Kleber,DALLAS MAVERICKS,2020-02-21,AWAY,ORLANDO MAGIC,24.0215,2.85602,1.42298,1.610875,5.343012,2.43988,0.9511799999999999,0.9435300000000001,1.1272100000000003,15.180999999999997,26.220209399999998,33.1
13,T.J. Warren,INDIANA PACERS,2020-02-21,AWAY,NEW YORK KNICKS,33.392,5.964302,1.14692,3.413944,4.921338,2.5144800000000003,0.46756,1.78164,1.1152600000000001,36.244,34.0929736,49.1
14,Evan Fournier,ORLANDO MAGIC,2020-02-21,HOME,DALLAS MAVERICKS,34.80733333333333,2.6557120000000003,2.35816,2.587062,4.431153,2.9916000000000005,0.36540000000000006,1.51818,1.5253400000000001,28.633999999999997,28.9031496,36.9
15,Domantas Sabonis,INDIANA PACERS,2020-02-21,AWAY,NEW YORK KNICKS,34.87866666666666,5.45867,1.2261,4.102911,7.034739,5.5628400000000005,0.28344,1.03005,1.9814299999999998,39.837,37.4435378,47.1
16,CJ McCollum,PORTLAND TRAIL BLAZERS,2020-02-21,HOME,NEW ORLEANS PELICANS,36.64433333333333,4.356192,2.5957,1.603919,4.442328,4.15904,0.29152000000000006,1.10769,1.74028,30.004,32.1301066,44.2
17,Jrue Holiday,NEW ORLEANS PELICANS,2020-02-21,AWAY,PORTLAND TRAIL BLAZERS,30.9745,4.5273,1.76538,2.823206,5.394825000000001,6.75316,0.7146000000000001,1.25829,2.47013,38.935,37.226016,43.9
18,Zion Williamson,NEW ORLEANS PELICANS,2020-02-21,AWAY,PORTLAND TRAIL BLAZERS,29.643166666666666,7.507702000000001,0.97786,7.687391,7.965573,3.38288,1.14338,1.15107,1.79892,39.90400000000001,45.3538126,37.3
19,Devin Booker,PHOENIX SUNS,2020-02-21,AWAY,TORONTO RAPTORS,35.17916666666667,4.23514,2.2211999999999996,5.622975,5.0902140000000005,5.53708,0.40112000000000003,1.21134,2.36535,38.007,37.6427618,39.0
20,Hassan Whiteside,PORTLAND TRAIL BLAZERS,2020-02-21,HOME,NEW ORLEANS PELICANS,31.639666666666667,5.711162,0.766,3.5585220000000004,9.716514,2.726,1.26684,1.14372,1.5157399999999996,38.342,38.7436028,52.4
21,Brandon Clarke,MEMPHIS GRIZZLIES,2020-02-21,AWAY,LOS ANGELES LAKERS,23.1425,5.381768000000001,0.9543200000000001,2.575387,7.205346,2.5578000000000003,0.9852799999999999,1.0332599999999998,1.2288100000000006,28.833,33.5118082,37.0
22,Malik Beasley,MINNESOTA TIMBERWOLVES,2020-02-21,HOME,BOSTON CELTICS,30.770833333333332,2.3050580000000007,2.9488,1.555545,5.689482000000001,3.61344,0.34016,1.11063,1.6181199999999998,30.476,29.993849400000002,34.3
23,Jaylen Brown,BOSTON CELTICS,2020-02-21,AWAY,MINNESOTA TIMBERWOLVES,34.5725,4.482726,2.0713999999999997,2.438751,5.265174,2.5196,0.45582,1.0935899999999998,1.51874,27.131999999999998,30.8455018,39.6
24,Rui Hachimura,WASHINGTON WIZARDS,2020-02-21,HOME,CLEVELAND CAVALIERS,26.715833333333332,5.289027999999999,1.04206,2.683419,6.3352319999999995,2.74748,0.6181800000000002,1.18989,1.3575499999999998,25.570999999999998,32.177813400000005,35.9
25,Emmanuel Mudiay,UTAH JAZZ,2020-02-21,HOME,SAN ANTONIO SPURS,11.385,1.9559382063157897,0.6295425631578947,1.2760026371052633,2.553645313421052,1.6143450631578948,0.24635941578947368,0.6147720236842106,0.746502465789474,10.518999999999998,14.39929056268421,33.5
26,Naz Reid,MINNESOTA TIMBERWOLVES,2020-02-21,HOME,BOSTON CELTICS,13.7775,2.3439370697368425,0.9325337131578948,1.4335213199999999,3.9176161721052636,1.5280842789473685,0.5190491842105264,0.7700897368421051,0.7652676118421053,18.069,19.014411575210527,40.3
27,Chris Paul,OKLAHOMA CITY THUNDER,2020-02-21,HOME,DENVER NUGGETS,33.382333333333335,4.250762,1.82744,2.9037559999999996,5.153442,6.34956,0.36732,1.3784399999999999,2.3011099999999995,42.071000000000005,35.5322404,29.799999999999997
28,D'Angelo Russell,MINNESOTA TIMBERWOLVES,2020-02-21,HOME,BOSTON CELTICS,32.134166666666665,2.9817020000000003,2.7562,2.640288,5.086986,5.67816,0.5599400000000001,1.5204300000000002,2.34098,39.518,35.3940452,41.7
29,Gorgui Dieng,MEMPHIS GRIZZLIES,2020-02-21,AWAY,LOS ANGELES LAKERS,11.511333333333333,1.6891669947368424,0.6870933108771929,0.9367880656491228,3.005083247157895,1.537720258245614,0.38435736140350873,0.7360831221052632,0.8123608519298245,12.085999999999999,14.838042870308772,32.0
30,Cedi Osman,CLEVELAND CAVALIERS,2020-02-21,AWAY,WASHINGTON WIZARDS,28.5485,2.474856000000001,1.8830799999999999,1.691204,4.8895800000000005,3.24312,0.3456,1.1062500000000002,1.6482200000000007,16.759999999999998,25.729661999999998,32.0
31,Derrick White,SAN ANTONIO SPURS,2020-02-21,AWAY,UTAH JAZZ,23.83,4.147454,1.31812,3.978688,4.44594,4.66756,0.58638,0.99045,1.7726899999999997,25.695,31.522223999999998,29.6
32,Jamal Murray,DENVER NUGGETS,2020-02-21,AWAY,OKLAHOMA CITY THUNDER,36.90916666666667,4.907412000000001,2.4587399999999997,2.9000610000000004,4.419063,5.59732,0.3971,1.0119000000000002,2.2246499999999996,42.79900000000001,35.7923106,35.2
33,Ricky Rubio,PHOENIX SUNS,2020-02-21,AWAY,TORONTO RAPTORS,26.795,3.4828259999999993,1.2475,3.278027,5.198622,6.34792,0.41735999999999995,1.39101,2.5090199999999996,26.866,32.6624954,38.1
34,Juan Hernangómez,MINNESOTA TIMBERWOLVES,2020-02-21,HOME,BOSTON CELTICS,28.108999999999998,3.7073259999999992,1.59632,3.1557869999999997,7.123686,2.5163599999999997,0.8230799999999999,1.14114,1.18473,25.283,32.39029219999999,29.0
35,Josh Jackson,MEMPHIS GRIZZLIES,2020-02-21,AWAY,LOS ANGELES LAKERS,18.895,3.01117084631579,1.2065551421052632,2.979092108684211,5.153048377894737,3.140547894736842,0.37254973157894744,1.13880165,1.538112668421053,17.862,26.511520599526317,22.6
36,Tristan Thompson,CLEVELAND CAVALIERS,2020-02-21,AWAY,WASHINGTON WIZARDS,24.075,4.7823899999999995,1.09128,2.215795,9.192513,2.84584,1.006,1.1470500000000001,1.3441800000000002,26.493999999999996,35.469160599999995,35.2
37,Rudy Gobert,UTAH JAZZ,2020-02-21,HOME,SAN ANTONIO SPURS,36.5385,5.585594,0.766,3.637726,10.779909,2.42368,1.13762,0.9060299999999999,1.36896,38.821999999999996,38.440314799999996,35.8
38,Will Barton,DENVER NUGGETS,2020-02-21,AWAY,OKLAHOMA CITY THUNDER,31.5995,3.6904559999999993,1.97938,2.215306,6.312192,4.04836,0.50144,1.00992,1.59201,32.031,32.12359839999999,35.3
39,Avery Bradley,LOS ANGELES LAKERS,2020-02-21,HOME,MEMPHIS GRIZZLIES,26.929,2.536815999999999,1.83386,1.438524,4.342203,2.96204,0.41851999999999995,1.08792,1.2758699999999998,19.439,24.910889599999997,32.5
40,Josh Hart,NEW ORLEANS PELICANS,2020-02-21,AWAY,PORTLAND TRAIL BLAZERS,27.4895,1.6998360000000003,1.91304,2.2452600000000005,5.881254,3.7547200000000003,0.2304,1.12947,1.3862,26.401999999999997,26.767046800000003,32.6
41,Collin Sexton,CLEVELAND CAVALIERS,2020-02-21,AWAY,WASHINGTON WIZARDS,32.835,5.600342000000002,1.7611,3.764838000000001,4.5874559999999995,4.41676,0.39978,1.2994800000000002,1.9071900000000004,31.683,35.56949920000001,28.4
42,Lonzo Ball,NEW ORLEANS PELICANS,2020-02-21,AWAY,PORTLAND TRAIL BLAZERS,35.46966666666666,1.9817460000000002,2.10564,1.19397,5.678067,5.76084,0.6801,1.12269,2.40769,33.051,29.930002400000003,32.3
43,DeMar DeRozan,SAN ANTONIO SPURS,2020-02-21,AWAY,UTAH JAZZ,33.14033333333334,8.093202000000002,0.766,4.5644670000000005,5.209236,5.028560000000001,0.21918,1.38606,2.0059000000000005,37.988,39.6526142,34.5
44,Terrence Ross,ORLANDO MAGIC,2020-02-21,HOME,DALLAS MAVERICKS,32.50833333333333,2.491860000000001,2.50582,1.962628,4.384575,2.81252,0.6645399999999999,1.5927600000000002,1.44469,26.135,29.271288000000006,32.5
45,Deandre Ayton,PHOENIX SUNS,2020-02-21,AWAY,TORONTO RAPTORS,34.902833333333334,8.564964000000002,0.8302,2.0238320000000005,10.77843,3.69548,1.75894,1.2717300000000002,1.8835099999999996,49.35500000000001,47.33019600000001,33.0
46,Bryn Forbes,SAN ANTONIO SPURS,2020-02-21,AWAY,UTAH JAZZ,24.887999999999998,1.8326319999999994,1.96012,1.94784,4.17108,3.4059600000000003,0.3134,1.18029,1.32625,20.305000000000003,24.762519999999995,26.5
47,Fred VanVleet,TORONTO RAPTORS,2020-02-21,HOME,PHOENIX SUNS,37.352666666666664,3.0689079999999995,2.48442,2.2415260000000004,4.147398,4.73064,0.24274,1.49886,2.04206,32.45399999999999,31.088179600000004,36.9
48,Markelle Fultz,ORLANDO MAGIC,2020-02-21,HOME,DALLAS MAVERICKS,32.777,4.4798160000000005,1.47862,2.396072,4.633248,5.66696,0.27074,1.6131,2.02414,33.644000000000005,33.4792816,26.7
49,Bobby Portis,NEW YORK KNICKS,2020-02-21,HOME,INDIANA PACERS,18.65983333333333,3.7654797273333322,1.3806901731578947,1.916854949482456,5.431528839078947,2.958349618596491,0.3516887535087719,1.070269114210526,1.5419995218421052,17.595,27.26911803972807,26.7
50,Tim Hardaway,DALLAS MAVERICKS,2020-02-21,AWAY,ORLANDO MAGIC,33.09816666666667,2.637118,2.4908400000000004,2.724853,4.782792000000001,4.52848,0.31246000000000007,1.2689700000000002,1.6524000000000003,33.936,31.095569400000002,22.2
51,Trevor Ariza,PORTLAND TRAIL BLAZERS,2020-02-21,HOME,NEW ORLEANS PELICANS,30.391333333333332,2.853816,1.5299800000000001,1.8839070000000002,5.078315999999999,2.8698,0.6321,1.59246,1.18053,25.203000000000003,28.0733082,31.6
52,Frank Ntilikina,NEW YORK KNICKS,2020-02-21,HOME,INDIANA PACERS,16.903,2.740058146105262,0.9879714536842105,1.3215610549999999,4.020511105105263,3.432340972631579,0.33905638736842103,1.0750574889473683,1.4895101526315788,12.622,22.491547969652625,25.4
53,LaMarcus Aldridge,SAN ANTONIO SPURS,2020-02-21,AWAY,UTAH JAZZ,35.54983333333333,6.342910000000002,1.6669399999999999,3.5233730000000003,7.5400469999999995,3.48964,0.89384,1.23792,1.6517299999999997,40.881,40.2360794,36.6
54,Carmelo Anthony,PORTLAND TRAIL BLAZERS,2020-02-21,HOME,NEW ORLEANS PELICANS,33.261,4.635546,1.76752,1.7607,7.188231,2.63132,0.6104799999999999,1.1381999999999999,1.4080300000000001,23.812999999999995,32.745219199999994,31.5
55,Gary Trent,PORTLAND TRAIL BLAZERS,2020-02-21,HOME,NEW ORLEANS PELICANS,26.240333333333336,2.187263999999999,1.8895,1.4114170000000001,4.506711,2.52048,0.47056000000000003,1.50093,1.0922,19.438,25.465488199999996,22.2
56,Royce O'Neale,UTAH JAZZ,2020-02-21,HOME,SAN ANTONIO SPURS,29.879166666666666,1.7475819999999995,1.5043000000000002,1.260584,5.558145,2.75768,0.6022799999999999,1.06536,1.3767,14.32,23.701162000000004,32.1
57,Jordan McLaughlin,MINNESOTA TIMBERWOLVES,2020-02-21,HOME,BOSTON CELTICS,22.191166666666668,3.0535499999999995,1.4700600000000001,1.217072,4.042842,4.78652,0.5224200000000001,1.4586299999999999,1.6910699999999999,25.441,28.017622400000004,26.9
58,Brandon Ingram,NEW ORLEANS PELICANS,2020-02-21,AWAY,PORTLAND TRAIL BLAZERS,29.594833333333334,3.4999800000000008,2.25758,3.4082280000000003,5.710917,3.98112,0.36222,1.47927,1.7266799999999998,38.916000000000004,33.803498399999995,25.8
59,Doug McDermott,INDIANA PACERS,2020-02-21,AWAY,NEW YORK KNICKS,16.461333333333332,1.4872225524210525,1.5387707845614031,1.3904697661754384,3.5733274720000003,2.0336504477192983,0.21294034245614032,0.8219317010526315,0.7991024308771927,12.378,18.625209562329825,14.0
60,Josh Okogie,MINNESOTA TIMBERWOLVES,2020-02-21,HOME,BOSTON CELTICS,27.710166666666666,3.4737719999999994,1.38232,3.1951980000000004,5.128779,2.9548,0.48712000000000005,1.4281199999999998,1.3173799999999996,22.761999999999997,29.3047768,22.0
61,Shai Gilgeous-Alexander,OKLAHOMA CITY THUNDER,2020-02-21,HOME,DENVER NUGGETS,35.55616666666666,4.5060020000000005,1.69262,3.868385,5.055726,4.067680000000001,0.44808000000000003,1.1885999999999999,1.5450399999999997,34.52799999999999,33.491640200000006,37.3
62,Luguentz Dort,OKLAHOMA CITY THUNDER,2020-02-21,HOME,DENVER NUGGETS,20.0865,2.72063,1.3010000000000002,1.228133,4.878789,2.06,0.48732000000000003,1.06656,1.0173999999999999,8.132,23.161179800000003,24.2
63,Troy Brown,WASHINGTON WIZARDS,2020-02-21,HOME,CLEVELAND CAVALIERS,21.467499999999998,3.3284339999999997,1.27532,2.2055730000000002,5.0283180000000005,4.2016,0.38622000000000006,1.75263,1.6110399999999998,24.494,29.830292600000003,23.8
64,Darius Garland,CLEVELAND CAVALIERS,2020-02-21,AWAY,WASHINGTON WIZARDS,32.752833333333335,3.896828000000001,1.7118799999999998,1.4614289999999999,3.9587250000000003,5.17,0.5538,1.0757400000000001,2.09586,21.37,29.688955,21.4
65,Alex Caruso,LOS ANGELES LAKERS,2020-02-21,HOME,MEMPHIS GRIZZLIES,14.453,2.1885751916842096,0.8545374284210525,1.1060782011052632,3.270142626157895,2.2808355368421056,0.31060257684210524,0.8636656389473685,0.956910309473684,13.302,17.95815966428421,18.3
66,Kyle Lowry,TORONTO RAPTORS,2020-02-21,HOME,PHOENIX SUNS,35.126333333333335,3.2359340000000003,2.1677,2.835121,6.049551,7.62888,0.51928,1.26432,2.87114,44.657999999999994,36.992530200000004,31.0
67,Nicolò Melli,NEW ORLEANS PELICANS,2020-02-21,AWAY,PORTLAND TRAIL BLAZERS,23.852333333333334,1.7476120000000002,1.9558399999999998,1.2637209999999999,5.600115,2.81904,0.9717600000000001,0.96675,1.234,21.97,26.156692999999997,24.0
68,OG Anunoby,TORONTO RAPTORS,2020-02-21,HOME,PHOENIX SUNS,31.234333333333332,3.1022479999999995,1.32668,1.708835,5.992632,2.5042400000000002,0.67662,1.70226,1.2051400000000005,25.626000000000005,28.7723894,30.5
69,Aaron Gordon,ORLANDO MAGIC,2020-02-21,HOME,DALLAS MAVERICKS,36.63016666666667,5.2399520000000015,1.69262,3.5880030000000005,7.961544,5.11932,0.9775600000000001,1.2741,1.91279,42.037,41.2207898,41.9
70,Serge Ibaka,TORONTO RAPTORS,2020-02-21,HOME,PHOENIX SUNS,33.69616666666666,3.9952100000000015,2.0393,2.091073,6.573084,2.8503600000000002,0.81822,1.0831800000000003,1.44047,36.597,32.62636380000001,23.2
71,Dāvis Bertāns,WASHINGTON WIZARDS,2020-02-21,HOME,CLEVELAND CAVALIERS,29.4425,1.585729999999999,2.40738,2.547765,4.621608,3.1296399999999998,0.45988,1.23396,1.4164899999999996,26.759,26.846784599999996,25.6
72,Malcolm Brogdon,INDIANA PACERS,2020-02-21,AWAY,NEW YORK KNICKS,33.50366666666667,4.078620000000001,1.71402,2.6422890000000003,5.68656,6.13084,0.37340000000000007,0.9486899999999999,2.23687,30.965000000000007,33.691120999999995,31.6
73,Derrick Favors,NEW ORLEANS PELICANS,2020-02-21,AWAY,PORTLAND TRAIL BLAZERS,21.748833333333334,4.359638,0.79168,1.622438,7.843422,3.0115600000000002,0.7451000000000001,0.9023399999999999,1.40645,22.490999999999996,30.1820704,26.9
74,Jordan Clarkson,UTAH JAZZ,2020-02-21,HOME,SAN ANTONIO SPURS,26.340500000000002,3.7434140000000005,2.05,1.358584,5.08005,3.8800400000000006,0.4302600000000001,0.984,1.5965699999999998,32.385000000000005,29.557742000000005,24.9
75,Larry Nance,CLEVELAND CAVALIERS,2020-02-21,AWAY,WASHINGTON WIZARDS,30.425166666666666,3.2161320000000018,1.74826,1.9267059999999998,7.691789999999999,3.4484000000000004,0.9407000000000001,1.3096500000000002,1.6456600000000006,31.62,33.111888,22.2
76,Mitchell Robinson,NEW YORK KNICKS,2020-02-21,HOME,INDIANA PACERS,22.079666666666665,4.520219999999999,0.766,2.263886,8.21439,2.17272,1.7237199999999997,1.3474199999999998,1.1793399999999998,26.61,34.752753999999996,28.6
77,Terence Davis,TORONTO RAPTORS,2020-02-21,HOME,PHOENIX SUNS,21.47683333333333,2.1836400000000005,1.8895,1.307718,5.622432,2.38024,0.54176,1.13952,1.1100599999999998,16.226,25.5945564,19.1
78,Dante Exum,CLEVELAND CAVALIERS,2020-02-21,AWAY,WASHINGTON WIZARDS,14.6545,2.123679234894737,0.8004287900000001,1.2375547853421054,3.3632008083947373,2.4833669957894737,0.22952032157894736,0.957825832894737,1.091636843684211,10.558000000000002,18.117492708626315,11.2
79,Danilo Gallinari,OKLAHOMA CITY THUNDER,2020-02-21,HOME,DENVER NUGGETS,31.6385,3.962228,2.1741200000000003,3.4519750000000005,5.306952,3.08676,0.20626000000000003,1.24623,1.4489299999999998,32.42099999999999,31.8058134,23.6
80,Nerlens Noel,OKLAHOMA CITY THUNDER,2020-02-21,HOME,DENVER NUGGETS,13.733,2.6217916048421053,0.5536567368421054,0.9927390546842106,3.6974649693157895,1.5640875094736841,0.49294242105263153,0.7414952652631579,0.7941071110526314,10.027000000000001,17.589587650178945,19.6
81,Bojan Bogdanović,UTAH JAZZ,2020-02-21,HOME,SAN ANTONIO SPURS,33.837,3.538094000000001,2.21478,2.685542,4.9617510000000005,3.75708,0.23037999999999997,0.98739,1.60831,29.363,30.0407912,23.7
82,Dennis Schröder,OKLAHOMA CITY THUNDER,2020-02-21,HOME,DENVER NUGGETS,31.51966666666667,5.887118000000002,1.57064,3.559779,4.602501,3.6255200000000003,0.40932,1.13097,1.70918,29.378,33.91890620000001,24.0
83,Georges Niang,UTAH JAZZ,2020-02-21,HOME,SAN ANTONIO SPURS,11.793166666666668,1.2975984041754385,0.9190973407017545,0.8846960528421055,2.4547414347368424,1.4371277038596493,0.16646985789473687,0.5476374184210527,0.7120589894736842,8.09,12.768829000245615,17.0
84,Reggie Bullock,NEW YORK KNICKS,2020-02-21,HOME,INDIANA PACERS,29.014833333333335,3.2362319999999993,1.99222,1.043377,4.905329999999999,3.00164,0.3639,1.2864,1.4308900000000002,19.265,27.401366999999997,17.3
85,Rondae Hollis-Jefferson,TORONTO RAPTORS,2020-02-21,HOME,PHOENIX SUNS,19.68316666666667,4.0080219999999995,0.86872,2.447288,5.4095640000000005,3.1803200000000005,0.57412,1.2649500000000002,1.3144000000000005,19.962,28.534258800000003,21.8
86,Marcus Smart,BOSTON CELTICS,2020-02-21,AWAY,MINNESOTA TIMBERWOLVES,34.1025,2.3397120000000005,2.16556,3.3162079999999996,4.796247,3.9661999999999997,0.44222,1.7867100000000002,1.8399100000000004,31.751000000000005,31.043988400000007,29.6
87,Thomas Bryant,WASHINGTON WIZARDS,2020-02-21,HOME,CLEVELAND CAVALIERS,26.293333333333333,4.776946,0.93506,3.5989299999999997,7.486179,3.14956,1.07334,1.02792,1.4533500000000004,31.037000000000003,34.51618679999999,20.0
88,Nassir Little,PORTLAND TRAIL BLAZERS,2020-02-21,HOME,NEW ORLEANS PELICANS,15.254333333333333,1.9578487231929824,0.9878224550877194,1.457403020964912,3.7800719715789475,1.6307685192982457,0.5106990228070176,0.8112093894736844,0.7670199943859651,11.5,18.51751221991228,14.1
89,Andre Drummond,CLEVELAND CAVALIERS,2020-02-21,AWAY,WASHINGTON WIZARDS,29.891833333333334,7.501468000000002,0.98214,3.540527,12.115272000000001,3.5177200000000006,1.48578,1.3291500000000003,1.9382699999999997,47.571,47.811309400000006,34.4
90,Danny Green,LOS ANGELES LAKERS,2020-02-21,HOME,MEMPHIS GRIZZLIES,24.85183333333333,2.1018079999999992,1.5299800000000001,1.283589,4.480428,2.6381200000000002,0.49278000000000005,1.15572,1.25609,14.079,23.100248599999997,25.1
91,Shabazz Napier,WASHINGTON WIZARDS,2020-02-21,HOME,CLEVELAND CAVALIERS,20.53166666666667,2.2862540000000005,1.69262,2.536194,4.590828,4.24224,0.41374,1.20636,1.8244800000000003,20.543999999999997,27.094735599999996,18.2
92,Jakob Poeltl,SAN ANTONIO SPURS,2020-02-21,AWAY,UTAH JAZZ,12.2735,2.1882009726842107,0.49481584210526314,1.2392107228157894,3.313501987973684,1.8259350547368423,0.45539852789473684,0.6770320989473685,0.8052837142105261,12.442,16.407173328489474,29.4
93,James Johnson,MINNESOTA TIMBERWOLVES,2020-02-21,HOME,BOSTON CELTICS,23.752833333333335,2.7776059999999996,1.3737599999999999,1.7120670000000002,5.557374,4.0231200000000005,0.87704,1.52925,1.8125399999999998,24.172,29.498417800000002,31.700000000000003
94,Taj Gibson,NEW YORK KNICKS,2020-02-21,HOME,INDIANA PACERS,15.473666666666666,3.612443128631579,0.6238330877192982,1.0459669304385963,4.608283523105263,1.8039363480701756,0.6449587147368421,0.7715658842105263,1.0161149698245613,13.306,21.611656027708772,14.6
95,Myles Turner,INDIANA PACERS,2020-02-21,AWAY,NEW YORK KNICKS,28.791999999999998,2.727704,1.66908,2.4749190000000003,6.026463,3.02644,1.029,1.1724299999999999,1.36605,29.359,29.947222599999996,23.6
96,Kyle Anderson,MEMPHIS GRIZZLIES,2020-02-21,AWAY,LOS ANGELES LAKERS,26.2385,4.020162,1.00354,2.269628,6.577659,3.3214400000000004,0.57968,1.2095399999999998,1.4479600000000006,24.381999999999994,30.115622799999997,18.7
97,Jevon Carter,PHOENIX SUNS,2020-02-21,AWAY,TORONTO RAPTORS,17.416,2.4614509448421047,1.184691317894737,1.5203425528421053,4.619372175157895,2.433033532631579,0.5376960842105263,1.0792786863157895,1.090149936842105,14.124,22.950889680084206,12.4
98,Delon Wright,DALLAS MAVERICKS,2020-02-21,AWAY,ORLANDO MAGIC,20.974666666666668,3.311342,1.17902,2.636803,4.853919,4.4454400000000005,0.51942,1.02489,1.7314800000000004,16.101999999999997,28.190859800000002,18.0
99,Cameron Johnson,PHOENIX SUNS,2020-02-21,AWAY,TORONTO RAPTORS,19.959333333333333,1.8335460000000001,1.8381399999999999,1.6162230000000002,4.268298000000001,3.0882,0.48118000000000005,1.48482,1.28465,18.179,25.165342600000002,16.2
100,Bradley Beal,WASHINGTON WIZARDS,2020-02-21,HOME,CLEVELAND CAVALIERS,35.31466666666667,6.577200000000001,2.4223600000000003,4.059395,4.892373,4.7312,0.558,1.42041,2.16708,44.804,41.2166726,34.1
101,Jaren Jackson,MEMPHIS GRIZZLIES,2020-02-21,AWAY,LOS ANGELES LAKERS,30.245,2.6423680000000003,2.12704,2.42096,5.336109,2.78648,0.90022,0.94173,1.6535000000000006,23.501999999999995,28.5422168,16.3
102,Tyus Jones,MEMPHIS GRIZZLIES,2020-02-21,AWAY,LOS ANGELES LAKERS,17.998333333333335,4.038513397368422,1.0601018333333334,1.6039271586842108,3.953388858947369,4.340137045614036,0.3140614438596491,0.8728149657894736,1.4761475175438603,22.494,26.200013363982457,18.7
103,Abdel Nader,OKLAHOMA CITY THUNDER,2020-02-21,HOME,DENVER NUGGETS,11.8425,2.031726724736842,0.6495050289473684,1.5304823163157895,2.622647529473684,1.378666452631579,0.1780364052631579,0.8042304078947368,0.7162219342105258,11.536,14.988206072210527,8.2
104,Dorian Finney-Smith,DALLAS MAVERICKS,2020-02-21,AWAY,ORLANDO MAGIC,30.3205,2.2044120000000005,1.87666,1.071243,5.585472,3.08708,0.6522000000000001,1.21134,1.5267700000000004,20.031000000000002,26.507083400000006,17.9
105,Patty Mills,SAN ANTONIO SPURS,2020-02-21,AWAY,UTAH JAZZ,21.195666666666668,1.8422479999999997,1.99864,1.8986020000000001,3.9297120000000003,2.41112,0.37606,0.84807,1.0891799999999998,12.776,22.4945624,15.2
106,Dario Šarić,PHOENIX SUNS,2020-02-21,AWAY,TORONTO RAPTORS,18.4045,2.9232099827894737,1.1607233821052632,1.8264432068421055,5.079793110631579,2.660786997894737,0.5744528778947369,0.946969644473684,1.1764543863157901,13.828000000000001,24.629778729126315,16.5
107,Rajon Rondo,LOS ANGELES LAKERS,2020-02-21,HOME,MEMPHIS GRIZZLIES,19.529,2.9331239999999994,1.43796,1.241814,4.53102,4.04968,0.3396,0.9591000000000001,1.7447,16.799999999999997,25.085085999999997,13.9
108,Donovan Mitchell,UTAH JAZZ,2020-02-21,HOME,SAN ANTONIO SPURS,35.542500000000004,3.8348880000000003,2.42664,2.5663050000000003,5.091852,4.188000000000001,0.15476000000000004,1.14672,2.26612,32.736000000000004,31.546543399999997,18.2
109,E'Twaun Moore,NEW ORLEANS PELICANS,2020-02-21,AWAY,PORTLAND TRAIL BLAZERS,18.244666666666667,3.039382860982456,1.1485881887719298,1.4070210113684212,4.311160959578948,2.2610711424561405,0.4594007066666667,0.9641250063157895,1.0019106712280703,11.497,22.76521763254737,9.7
110,Jerome Robinson,WASHINGTON WIZARDS,2020-02-21,HOME,CLEVELAND CAVALIERS,14.084833333333334,1.9317689917894736,0.8581518296491228,0.8959503331666667,3.2555891332631584,1.9727365828070178,0.15600064877192985,0.8307012307894738,0.8756689144736846,9.658999999999999,16.284192364029824,14.4
111,Trey Lyles,SAN ANTONIO SPURS,2020-02-21,AWAY,UTAH JAZZ,26.550833333333333,3.2313359999999998,1.30956,1.703385,5.296323,2.25576,0.8170599999999999,1.13283,1.1160599999999996,22.883999999999997,26.567574599999997,17.7
112,Michael Carter-Williams,ORLANDO MAGIC,2020-02-21,HOME,DALLAS MAVERICKS,20.098666666666666,3.52864,0.9243600000000001,2.314988,5.541768,4.4104,0.86616,1.5656400000000001,1.9157199999999999,23.834,30.790749599999998,16.2
113,Ish Smith,WASHINGTON WIZARDS,2020-02-21,HOME,CLEVELAND CAVALIERS,28.1145,3.9655179999999994,1.26676,1.040262,5.287893,4.99884,0.70796,1.26447,1.8250299999999997,26.859,30.707569600000006,26.0
114,Brad Wanamaker,BOSTON CELTICS,2020-02-21,AWAY,MINNESOTA TIMBERWOLVES,21.8865,3.7920920000000002,1.04848,2.062478,4.02669,3.67728,0.25870000000000004,1.34652,1.4612800000000004,17.830000000000002,26.49443,12.9
115,Ian Mahinmi,WASHINGTON WIZARDS,2020-02-21,HOME,CLEVELAND CAVALIERS,21.534499999999998,4.320725999999999,0.85802,2.667122,6.643263,2.34736,0.87036,1.06785,1.11144,19.764,30.078779599999997,18.0
116,Ja Morant,MEMPHIS GRIZZLIES,2020-02-21,AWAY,LOS ANGELES LAKERS,31.301,6.065426,1.4550800000000002,4.298627,5.489313,5.197280000000001,0.5425,0.96546,2.3112800000000004,32.494,37.3904146,17.7
117,RJ Barrett,NEW YORK KNICKS,2020-02-21,HOME,INDIANA PACERS,22.484166666666667,4.7185820000000005,1.21968,3.48367,4.779275999999999,3.0176000000000003,0.26988,1.00167,1.43336,15.917999999999997,29.222695199999997,21.8
118,Kelly Oubre,PHOENIX SUNS,2020-02-21,AWAY,TORONTO RAPTORS,34.56233333333333,3.089322,2.48014,2.558116,5.427708,2.51212,0.43304,0.99438,1.1344699999999999,29.779,29.6063996,25.3
119,Damyean Dotson,NEW YORK KNICKS,2020-02-21,HOME,INDIANA PACERS,16.831666666666667,2.31948162385965,1.241627756140351,1.1000920428947372,3.3981487268421056,2.442292550877193,0.28420712105263163,0.9615576815789474,1.0669061973684208,10.837000000000002,19.87554406808772,17.1
120,Jeremy Lamb,INDIANA PACERS,2020-02-21,AWAY,NEW YORK KNICKS,27.591,3.3052219999999997,1.55352,2.311662,5.046333,3.00372,0.40174,1.23684,1.2290099999999997,23.389000000000003,27.8305756,21.5
121,Isaac Bonga,WASHINGTON WIZARDS,2020-02-21,HOME,CLEVELAND CAVALIERS,17.063333333333333,2.7427027235087706,1.014639684210526,1.610582887368421,4.219653666842104,2.495449635087719,0.6648233894736842,1.117316047368421,1.0915773561403506,18.317,23.20150719424561,7.9
122,Jalen Brunson,DALLAS MAVERICKS,2020-02-21,AWAY,ORLANDO MAGIC,24.2695,3.570190000000001,1.40586,2.168295,4.2544260000000005,4.25184,0.30238,0.9435300000000001,1.7766800000000003,17.577999999999996,26.9703762,14.7
123,Chris Boucher,TORONTO RAPTORS,2020-02-21,HOME,PHOENIX SUNS,11.030833333333334,1.6001361667543856,0.6484736631578948,1.0390899857456137,2.7651500818421053,1.2211248614035088,0.37680165526315795,0.569069080263158,0.5957753083333334,9.899,13.576487597289473,20.6
124,J.J. Redick,NEW ORLEANS PELICANS,2020-02-21,AWAY,PORTLAND TRAIL BLAZERS,25.663166666666665,2.314522,2.5400599999999995,3.4281200000000003,4.101414,3.71832,0.32938,1.12947,1.4977399999999998,29.862000000000002,29.0553308,12.2
125,Mikal Bridges,PHOENIX SUNS,2020-02-21,AWAY,TORONTO RAPTORS,33.21183333333333,3.102994,1.69476,1.5986960000000001,5.054457,3.0668400000000005,0.6661000000000001,1.5978,1.4073499999999997,28.330999999999996,28.938922399999996,14.7
126,Justin Holiday,INDIANA PACERS,2020-02-21,AWAY,NEW YORK KNICKS,26.305666666666664,1.5425659999999999,1.68834,2.103509,5.396253,2.72572,0.85882,1.3385399999999998,1.09775,18.869,26.312074599999995,15.9
127,Caleb Swanigan,PORTLAND TRAIL BLAZERS,2020-02-21,HOME,NEW ORLEANS PELICANS,16.795166666666667,2.8667174967894735,0.7508853829824561,1.1718924776842106,5.344896491868421,2.4773754789473683,0.6640632108771929,0.934200207368421,1.2030377883333334,11.279000000000002,22.879675095277193,10.0
128,Jaxson Hayes,NEW ORLEANS PELICANS,2020-02-21,AWAY,PORTLAND TRAIL BLAZERS,9.112333333333334,1.4957175771929823,0.3673709122807018,1.4053918128245617,2.374440023578947,1.3125021256140352,0.2552220687719298,0.4181266089473684,0.5479341952631579,10.491,11.789132758663156,8.5
129,Joe Ingles,UTAH JAZZ,2020-02-21,HOME,SAN ANTONIO SPURS,31.99566666666667,2.1281380000000008,1.73756,1.5425929999999999,4.611621,5.8276,0.29108,1.2484199999999999,2.22002,22.397999999999996,27.685374200000005,20.1
130,Justin Jackson,DALLAS MAVERICKS,2020-02-21,AWAY,ORLANDO MAGIC,12.857333333333335,2.2047308576842104,0.7833634849122809,0.956969289894737,2.9666253027368428,1.5020072140350882,0.2762567242105264,0.6140459389473684,0.7114977585964911,6.3839999999999995,15.488892875214036,9.9
131,Jonas Valančiūnas,MEMPHIS GRIZZLIES,2020-02-21,AWAY,LOS ANGELES LAKERS,25.942666666666664,5.188336,0.80666,2.807402,9.802557,2.44596,1.31346,0.8705399999999999,1.2484900000000003,32.440999999999995,36.339572399999994,24.2
132,Dennis Smith,NEW YORK KNICKS,2020-02-21,HOME,INDIANA PACERS,11.983166666666667,2.5664663396491223,0.5411471928070176,0.9543141656140353,3.0104887052368423,2.0682441112280703,0.23603054175438598,0.8305658955263159,1.1060021348245614,13.149,16.519428213477195,17.0
133,Kelan Martin,MINNESOTA TIMBERWOLVES,2020-02-21,HOME,BOSTON CELTICS,13.884166666666665,1.9508072601754383,0.8756378543859649,1.2110128232017543,3.289986287368421,1.562363352631579,0.34001593421052634,0.8540297065789472,0.8153878785087718,11.811,16.797818524359645,14.1
134,T.J. McConnell,INDIANA PACERS,2020-02-21,AWAY,NEW YORK KNICKS,16.865,3.6334009257894726,0.7084187631578946,1.2629861199999999,4.203613676842104,3.163874,0.5687233052631578,1.3145113578947367,1.3198193947368422,18.772,24.775076267999996,9.1
135,Monte Morris,DENVER NUGGETS,2020-02-21,AWAY,OKLAHOMA CITY THUNDER,27.0535,3.998234,1.30956,2.059872,3.933951,4.19968,0.39298,1.3170000000000002,1.5188,23.838,28.6164212,12.2
136,Mason Plumlee,DENVER NUGGETS,2020-02-21,AWAY,OKLAHOMA CITY THUNDER,16.991833333333332,4.0473366514736835,0.6850391754385964,3.3665677920438593,6.078286424947368,3.0147089561403506,0.7023350731578946,0.8702591018421053,1.363487308157895,22.037000000000003,28.686660982296488,11.9
137,Anfernee Simons,PORTLAND TRAIL BLAZERS,2020-02-21,HOME,NEW ORLEANS PELICANS,18.4,2.6076557473684203,1.5728513684210526,1.8560845052631576,4.708411831578947,2.8759393684210526,0.366896,0.8999924210526317,1.2297301052631575,17.931,24.324888513684204,22.6
138,Torrey Craig,DENVER NUGGETS,2020-02-21,AWAY,OKLAHOMA CITY THUNDER,30.207833333333333,1.8363640000000006,1.6284200000000002,1.851844,6.5625990000000005,2.76152,0.62236,0.9474900000000002,1.2077400000000003,20.041999999999998,25.929040800000003,7.2
139,Aron Baynes,PHOENIX SUNS,2020-02-21,AWAY,TORONTO RAPTORS,15.390166666666666,2.2637768754035084,1.0780892750877193,1.534253815087719,4.38353662118421,2.099153932631579,0.4992570066666666,0.7699295378947368,1.0117333564912279,11.549999999999999,20.500876512719294,9.7
140,Seth Curry,DALLAS MAVERICKS,2020-02-21,AWAY,ORLANDO MAGIC,30.60216666666667,3.114834000000001,1.96226,1.959783,4.822932,3.9258,0.32622,1.20132,1.5392900000000003,30.831000000000003,28.795779400000004,15.7
141,Dwight Howard,LOS ANGELES LAKERS,2020-02-21,HOME,MEMPHIS GRIZZLIES,20.557833333333335,4.400491999999999,0.766,4.831756,8.745567,2.44304,0.7754599999999999,0.9184200000000001,1.31628,23.616,33.855340399999996,12.0
142,Maurice Harkless,NEW YORK KNICKS,2020-02-21,HOME,INDIANA PACERS,22.478166666666667,2.8700539999999997,1.3309600000000001,0.8426800000000001,5.252169,2.4726,0.3351,1.09683,1.1788300000000005,14.846999999999998,23.704130799999998,5.6
143,Julius Randle,NEW YORK KNICKS,2020-02-21,HOME,INDIANA PACERS,37.94083333333333,7.90173,1.26676,3.3656900000000003,8.492352,3.356,0.86748,1.22538,2.07728,42.976000000000006,42.39555239999999,22.4
144,Rudy Gay,SAN ANTONIO SPURS,2020-02-21,AWAY,UTAH JAZZ,17.384,3.157922543157894,0.9906318147368424,1.5767077562105263,4.329082623157895,2.425086298947369,0.2189469052631579,0.8224644884210526,1.0694179326315787,12.155000000000001,21.751793131368423,10.3
145,Lonnie Walker,SAN ANTONIO SPURS,2020-02-21,AWAY,UTAH JAZZ,21.2925,3.6764599999999996,1.03564,2.179854,5.216556,2.6492,0.60326,1.37691,1.2264599999999999,15.828,27.587411200000002,6.4
146,Kentavious Caldwell-Pope,LOS ANGELES LAKERS,2020-02-21,HOME,MEMPHIS GRIZZLIES,23.540666666666667,2.495689999999999,1.5364,1.40159,4.250604,2.712,0.4829,1.44387,1.201,15.531999999999998,24.7502048,18.5
147,Vincent Poirier,BOSTON CELTICS,2020-02-21,AWAY,MINNESOTA TIMBERWOLVES,7.852166666666666,1.265091500701754,0.31656629824561405,0.703597113614035,1.7266170610526317,0.9761152364912281,0.16120911438596494,0.3760733234210526,0.4731632978947368,6.220000000000001,8.858276353280703,3.2
148,Jerami Grant,DENVER NUGGETS,2020-02-21,AWAY,OKLAHOMA CITY THUNDER,34.1565,3.500814000000001,1.56208,1.967737,5.124750000000001,2.5471600000000003,0.6393000000000001,1.1881800000000002,1.23943,24.545000000000005,27.869055000000003,7.699999999999999
149,Kevin Love,CLEVELAND CAVALIERS,2020-02-21,AWAY,WASHINGTON WIZARDS,31.981333333333335,2.3885080000000007,2.46302,2.2322170000000003,6.97029,4.2716,0.34975999999999996,1.16652,1.68958,37.550000000000004,32.029301000000004,8.7
150,Michael Porter,DENVER NUGGETS,2020-02-21,AWAY,OKLAHOMA CITY THUNDER,24.235166666666665,3.544783999999999,1.70118,2.03476,7.628546999999999,2.6665600000000005,0.78928,1.3656599999999999,1.1862000000000004,31.625999999999994,32.660584400000005,5.4
151,Kyle Kuzma,LOS ANGELES LAKERS,2020-02-21,HOME,MEMPHIS GRIZZLIES,22.026999999999997,3.260947999999999,1.29458,1.6735220000000002,5.718045,3.9604399999999997,0.6106199999999999,1.2031800000000001,1.7529899999999998,21.865000000000002,28.569881999999993,17.3
152,Jarrett Culver,MINNESOTA TIMBERWOLVES,2020-02-21,HOME,BOSTON CELTICS,20.855166666666666,3.343183999999999,1.2795999999999998,1.666311,4.504383,2.4325200000000002,0.6474599999999999,1.2382799999999998,1.2840499999999997,13.389000000000001,25.618688599999995,10.1
153,Oshae Brissett,TORONTO RAPTORS,2020-02-21,HOME,PHOENIX SUNS,4.2348333333333334,0.5236777069122807,0.2084117503508772,0.30599055713157897,0.867417791263158,0.4947176877192983,0.08219588614035088,0.23849689789473683,0.24853122403508776,2.0779999999999994,4.475106231173684,2.4
154,Gary Harris,DENVER NUGGETS,2020-02-21,AWAY,OKLAHOMA CITY THUNDER,31.701,3.672002,1.49146,2.195901,4.449168,3.17188,0.20284000000000002,1.1475000000000002,1.3476499999999998,17.339,26.8144766,9.8
155,Mohamed Bamba,ORLANDO MAGIC,2020-02-21,HOME,DALLAS MAVERICKS,12.427999999999999,2.030885644210526,0.67881736,0.7340330016842105,3.634246126105263,1.6131543999999998,0.7544188463157894,0.7940314610526314,0.7508539726315789,17.911000000000005,17.50758027090526,6.2
156,Kevin Knox,NEW YORK KNICKS,2020-02-21,HOME,INDIANA PACERS,14.177166666666666,2.155291970333332,0.8781486266666666,0.6680228701666667,2.9879408460000003,1.5642041066666668,0.3863352533333333,0.7069182999999999,0.886475846666667,5.893999999999999,15.938172679366662,8.0
157,Jonah Bolden,PHOENIX SUNS,2020-02-21,AWAY,TORONTO RAPTORS,13.328666666666667,2.1110349141754385,0.637938047017544,1.2428210007017544,3.653602896526316,1.4082928898245612,0.5810877761403509,0.7829258800000001,0.6704459635087722,10.166,17.297062785585965,3.0
158,Marko Guduric,MEMPHIS GRIZZLIES,2020-02-21,AWAY,LOS ANGELES LAKERS,8.188166666666667,1.0989493627543865,0.4564601247368422,0.7783955664385965,1.6659669757368423,1.025330849122807,0.1206591001754386,0.43599401763157897,0.49142790596491237,7.068,9.061362758182458,1.2
159,Semi Ojeleye,BOSTON CELTICS,2020-02-21,AWAY,MINNESOTA TIMBERWOLVES,12.895166666666666,1.528305290842105,0.7435488838596492,1.126111150745614,2.715331172842105,1.7106320884210526,0.21243090350877192,0.681577427631579,0.7364904768421053,6.2620000000000005,14.183248440629825,1.2
160,Matt Thomas,TORONTO RAPTORS,2020-02-21,HOME,PHOENIX SUNS,8.5925,1.2499844405263152,0.46448341578947366,0.41887623473684205,1.7872246239473684,1.051902894736842,0.12146177105263159,0.5426706434210525,0.44347249210526296,8.288,9.583744005315788,1.2
161,Rayjon Tucker,UTAH JAZZ,2020-02-21,HOME,SAN ANTONIO SPURS,4.151,0.673412797473684,0.1841820547368421,0.242941426,0.8415750508421053,0.4500557894736842,0.07768487263157894,0.18640830157894733,0.23388044842105257,2.6079999999999997,4.385686004589473,1.2
162,JaVale McGee,LOS ANGELES LAKERS,2020-02-21,HOME,MEMPHIS GRIZZLIES,15.554666666666666,3.1445854453333326,0.6533778666666666,1.0391237759999998,4.583470704,1.711962986666667,0.572248,0.8545651999999999,0.8840863199999994,14.491000000000001,20.752890871466665,10.0
163,Grant Williams,BOSTON CELTICS,2020-02-21,AWAY,MINNESOTA TIMBERWOLVES,16.584333333333333,2.2464212702105257,0.8684778936842106,1.6338684442280702,4.098817110473684,2.093885555087719,0.6159595971929824,0.9415624321052632,0.9786153242105264,11.871999999999998,20.48550429458596,11.1
164,Jared Dudley,LOS ANGELES LAKERS,2020-02-21,HOME,MEMPHIS GRIZZLIES,4.722833333333333,0.618206951964912,0.2191295238596491,0.2517439194385965,1.0159530382105264,0.5120545614035087,0.08524465596491228,0.2066363868421052,0.24303203192982448,2.004,4.765382979396491,0.0
165,Stanley Johnson,TORONTO RAPTORS,2020-02-21,HOME,PHOENIX SUNS,3.6468333333333334,0.5287689523333333,0.1470249649122807,0.196250689,0.7144042853157896,0.46931290105263157,0.08180039105263158,0.193232262631579,0.21464109368421044,3.178,3.8665748497298247,0.0
166,Malcolm Miller,TORONTO RAPTORS,2020-02-21,HOME,PHOENIX SUNS,2.5738333333333334,0.35762791028070184,0.11565181421052632,0.1376998124035088,0.4734498684210527,0.27905771929824563,0.04456795614035088,0.13078595421052633,0.13912246491228072,0.66,2.573576762789474,0.0
167,Juwan Morgan,UTAH JAZZ,2020-02-21,HOME,SAN ANTONIO SPURS,4.526833333333333,0.7459315966666666,0.1901508254385965,0.23143197162280701,1.1277961963157894,0.49080403508771936,0.10969231929824559,0.1922212560526316,0.24756536736842102,4.71,5.041484488166666,0.0
168,Justin Wright-Foreman,UTAH JAZZ,2020-02-21,HOME,SAN ANTONIO SPURS,1.5333333333333334,0.21093824561403507,0.061817543859649125,0.08426070175438598,0.2820526315789474,0.16624561403508772,0.02655087719298246,0.05043052631578947,0.08236421052631579,0.0,1.4280014035087718,0.0
169,Moritz Wagner,WASHINGTON WIZARDS,2020-02-21,HOME,CLEVELAND CAVALIERS,20.092333333333332,3.9483399999999995,1.06774,2.693359,5.004588,2.56276,0.4629,1.1593799999999999,1.3164099999999999,19.389000000000003,27.193334599999996,10.5
170,Matthew Dellavedova,CLEVELAND CAVALIERS,2020-02-21,AWAY,WASHINGTON WIZARDS,8.067,1.125824575894737,0.38156060842105266,0.5580831270000001,1.558338054631579,1.3399371915789475,0.12984473368421054,0.38745801,0.600414072631579,3.432,8.7858197154,1.2
171,Victor Oladipo,INDIANA PACERS,2020-02-21,AWAY,NEW YORK KNICKS,26.954,2.9951919999999994,1.9002,2.154749,5.100231,3.76004,0.60116,1.0754699999999997,1.5234099999999997,20.273,29.112550199999998,9.1
172,James Ennis,ORLANDO MAGIC,2020-02-21,HOME,DALLAS MAVERICKS,12.471,1.9210945386315792,0.6909984189473686,1.2333490815789476,2.9474926261578953,1.5378712105263161,0.31457112947368426,0.7331569626315789,0.7733529647368425,8.201,15.362162694442107,5.6
173,Cheick Diallo,PHOENIX SUNS,2020-02-21,AWAY,TORONTO RAPTORS,21.948333333333334,4.340058,0.766,1.7712720000000002,5.478621,2.39356,0.53454,1.1435400000000002,1.25787,19.783,26.6904432,0.0
174,Frank Jackson,NEW ORLEANS PELICANS,2020-02-21,AWAY,PORTLAND TRAIL BLAZERS,12.672333333333334,1.5745720988421057,0.8620121312280702,1.4266826340175438,2.7593899118947376,1.963651416140351,0.2831399445614035,0.5982675263157895,0.8810606491228072,10.691999999999998,15.18177000737895,0.0
175,Wenyen Gabriel,PORTLAND TRAIL BLAZERS,2020-02-21,HOME,NEW ORLEANS PELICANS,7.730166666666666,1.1462193489122807,0.3699820507017544,0.5109965647368422,1.7116529678684211,0.8349881922807016,0.1650349898245614,0.41669666842105263,0.3911301592982454,5.586,8.573912079968421,5.6
176,Enes Kanter,BOSTON CELTICS,2020-02-21,AWAY,MINNESOTA TIMBERWOLVES,18.61916666666667,3.867979001842105,0.8219480122807019,2.553488374166667,6.713862769342105,2.4208836491228074,0.6215273824561404,0.9308505381578946,1.224043615789474,18.076,27.876341357640353,7.4
177,Ty Jerome,PHOENIX SUNS,2020-02-21,AWAY,TORONTO RAPTORS,14.135833333333332,2.272312888596491,0.856482701754386,1.6546312832894736,3.2412163848684203,2.294766543859649,0.2870913350877193,0.8007428789473685,0.9304800692982458,12.45,18.43333721618421,6.4
178,Michael Kidd-Gilchrist,DALLAS MAVERICKS,2020-02-21,AWAY,ORLANDO MAGIC,9.238166666666666,1.278123696859649,0.39741620561403507,0.6536143920263158,2.2551711660789473,1.1294679810526318,0.2231163115789474,0.4625695915789474,0.5431166805263156,6.295999999999999,10.316458802408771,0.0
179,D.J. Augustin,ORLANDO MAGIC,2020-02-21,HOME,DALLAS MAVERICKS,25.267833333333332,2.89747,1.57706,4.2310740000000004,4.421118,4.06564,0.28034000000000003,1.0119900000000002,1.75181,18.679000000000002,28.2861756,3.2
180,Tony Bradley,UTAH JAZZ,2020-02-21,HOME,SAN ANTONIO SPURS,9.806999999999999,1.7668528632631577,0.395376947368421,0.7700322198947367,3.5444562631578944,1.1604674715789471,0.4592256789473684,0.4344088073684209,0.5632882721052631,12.155000000000001,13.601532698526313,4.4
181,Dillon Brooks,MEMPHIS GRIZZLIES,2020-02-21,AWAY,LOS ANGELES LAKERS,28.273666666666667,4.3541240000000005,1.9558399999999998,1.768182,4.887716999999999,2.66856,0.44116,1.0196999999999998,1.5091400000000008,16.595999999999997,29.085490399999998,15.4
182,Gary Clark,ORLANDO MAGIC,2020-02-21,HOME,DALLAS MAVERICKS,12.868,1.13088183031579,0.944890467368421,0.7928611427368422,3.1906124728421057,1.4214670063157897,0.4434719157894737,0.7159619747368421,0.6434744989473685,8.699,14.685058854989476,0.0
183,Terrance Ferguson,OKLAHOMA CITY THUNDER,2020-02-21,HOME,DENVER NUGGETS,18.5995,2.1786808212105258,1.0284740363157894,1.1506296787894736,3.8538408730263156,2.7092227484210523,0.3220650263157895,1.054033665,1.111202654473684,5.715,20.298950019894736,0.19999999999999996
184,Romeo Langford,BOSTON CELTICS,2020-02-21,AWAY,MINNESOTA TIMBERWOLVES,12.774000000000001,1.8728028631578948,0.6516756947368422,1.436371085368421,2.6719086704210526,1.396910854736842,0.4231152189473685,0.6641404294736843,0.6707022315789473,8.616,15.029725296189476,3.2
185,Paul Millsap,DENVER NUGGETS,2020-02-21,AWAY,OKLAHOMA CITY THUNDER,20.403166666666667,3.6574160000000004,1.3245399999999998,3.828109,6.320043,3.6087200000000004,0.5461,1.30164,1.3859399999999997,28.064,32.2709726,10.7
186,Kevin Porter,CLEVELAND CAVALIERS,2020-02-21,AWAY,WASHINGTON WIZARDS,28.58966666666667,4.384858000000001,1.50858,2.844711,4.944153,3.59216,0.37414000000000003,1.22829,1.5108400000000004,25.644,30.757840599999994,9.2
187,Elie Okobo,PHOENIX SUNS,2020-02-21,AWAY,TORONTO RAPTORS,18.767166666666665,2.747797670736841,1.1561167314035088,1.5593214052719298,4.095225911394737,3.2486163049122805,0.2854979922807017,1.149617365263158,1.481687563245614,10.859000000000002,23.13412100138421,-1.0
188,De'Anthony Melton,MEMPHIS GRIZZLIES,2020-02-21,AWAY,LOS ANGELES LAKERS,23.8645,3.546336,1.60488,4.364391,5.142957,3.6823200000000003,0.47674000000000005,1.28412,1.6208600000000006,26.926000000000002,31.628451399999996,8.2
189,Allen Crabbe,MINNESOTA TIMBERWOLVES,2020-02-21,HOME,BOSTON CELTICS,12.892833333333334,1.300534026842105,0.9089583214035089,0.6247168106052632,2.816348513263158,1.5350343080701756,0.2270360092982456,0.6420020286842105,0.6839851654385968,4.998000000000001,13.557958455029825,-1.0
