,name,team,date,location,opponent,minutes,made_two_point_field_goals,made_three_point_field_goals,made_free_throws,rebounds,assists,blocks,steals,turnovers,recent_average,10_game_average,3_game_average,10_3_ratio,10_3_difference,hot,cold,fantasy_points,Opponent Defensive Rank vs Position,projected_points,projected_points_draftkings,projected_value,projected_value_draftkings
102657,Archie Goodwin,NEW ORLEANS PELICANS,2021-01-21,AWAY,UTAH JAZZ,11.23,1.4,0.14,0.86,1.44,0.74,0.12,0.19,0.67,15.05,13.82,17.33,0.8085106382978724,-3.509999999999998,0.0,0.0,0,,7.18,7.35,1436,1377
102658,Anthony Brown,NEW ORLEANS PELICANS,2021-01-21,AWAY,UTAH JAZZ,16.02,0.64,0.58,0.26,1.97,0.8,0.2,0.42,0.13,12.1,10.14,8.77,1.1402251791197544,1.370000000000001,0.0,0.0,0,,8.57,8.41,1715,1576
102659,Steve Novak,MILWAUKEE BUCKS,2021-01-21,AWAY,LOS ANGELES LAKERS,2.61,0.14,0.08,0.05,0.24,0.06,0.0,0.05,0.06,1.3,1.08,2.07,0.6775244299674268,-0.9899999999999998,0.0,0.0,0,,1.04,1.07,208,201
102660,Miles Plumlee,MILWAUKEE BUCKS,2021-01-21,AWAY,LOS ANGELES LAKERS,13.43,0.33,0.0,0.28,1.86,0.09,0.2,0.05,0.38,7.55,7.09,10.17,0.7242614145031334,-3.08,0.0,0.0,0,,3.68,3.71,735,696
102661,Anderson Varejão,GOLDEN STATE WARRIORS,2021-01-21,AWAY,NEW YORK KNICKS,5.92,0.23,0.0,0.08,0.38,0.24,0.05,0.03,0.1,4.61,4.68,5.93,0.8196248196248196,-1.25,0.0,0.0,0,,1.5,1.49,299,278
102662,José Calderón,LOS ANGELES LAKERS,2021-01-21,AWAY,MILWAUKEE BUCKS,9.71,0.7,0.61,0.2,0.4,0.72,0.01,0.13,0.3,11.21,12.11,12.33,0.983495873968492,-0.22000000000000064,0.0,0.0,0,,5.11,5.44,1022,1021
102663,Lou Williams,LOS ANGELES LAKERS,2021-01-21,AWAY,MILWAUKEE BUCKS,22.49,3.63,1.32,2.53,3.56,2.23,0.23,0.98,1.14,26.68,24.51,31.07,0.7954474586841285,-6.559999999999999,0.127025491786153,0.0,0,8,23.86,25.55,4771,4792
102664,Buddy Hield,NEW ORLEANS PELICANS,2021-01-21,AWAY,UTAH JAZZ,20.01,2.59,1.6,1.63,2.49,1.21,0.32,0.39,0.89,26.45,24.49,28.97,0.8505171838505171,-4.48,0.0,0.0,0,13,17.65,19.81,3531,3715
102665,Tyreke Evans,NEW ORLEANS PELICANS,2021-01-21,AWAY,UTAH JAZZ,18.82,1.86,0.61,0.99,2.01,1.79,0.23,0.62,0.9,16.6,20.14,16.43,1.21285140562249,3.710000000000001,0.0,0.0,0,,13.29,13.29,2657,2492
102666,Langston Galloway,NEW ORLEANS PELICANS,2021-01-21,AWAY,UTAH JAZZ,18.25,1.87,0.82,1.19,1.5,1.63,0.09,0.29,0.83,17.06,13.82,18.03,0.7787703625853915,-4.210000000000001,0.0,0.0,0,13,11.95,12.46,2389,2337
102667,Marcelo Huertas,LOS ANGELES LAKERS,2021-01-21,AWAY,MILWAUKEE BUCKS,7.43,0.47,0.12,0.18,0.55,0.55,0.01,0.11,0.18,5.99,6.55,8.1,0.8296703296703297,-1.5499999999999998,0.0,0.0,0,,3.14,3.2,629,600
102668,Briante Weber,GOLDEN STATE WARRIORS,2021-01-21,AWAY,NEW YORK KNICKS,7.28,0.66,0.02,0.47,0.77,0.39,0.06,0.08,0.29,9.14,10.72,9.83,1.082179132040628,0.8900000000000006,0.0,0.0,0,,3.49,3.54,698,664
102669,Reggie Williams,NEW ORLEANS PELICANS,2021-01-21,AWAY,UTAH JAZZ,15.49,0.91,0.53,0.51,0.9,0.92,0.0,0.36,0.32,7.52,8.2,4.4,1.7037037037037035,3.799999999999999,0.0,0.0,0,,7.14,7.25,1428,1359
102670,Luol Deng,LOS ANGELES LAKERS,2021-01-21,AWAY,MILWAUKEE BUCKS,15.17,0.91,0.39,0.57,2.58,0.81,0.25,0.5,0.48,10.44,13.02,11.37,1.1333872271624899,1.6500000000000004,0.0,0.0,0,,9.64,9.46,1928,1773
102671,Timofey Mozgov,LOS ANGELES LAKERS,2021-01-21,AWAY,MILWAUKEE BUCKS,17.56,1.36,0.2,0.96,4.11,0.73,0.43,0.22,0.95,14.25,14.88,11.93,1.2281515854601703,2.950000000000001,0.0,0.0,0,,11.31,11.44,2261,2145
102672,Hollis Thompson,NEW ORLEANS PELICANS,2021-01-21,AWAY,UTAH JAZZ,16.49,0.39,0.51,0.44,2.07,1.25,0.04,0.61,0.17,11.74,9.98,10.33,0.9691085613415711,-0.34999999999999964,0.0,0.0,0,,8.89,8.68,1778,1628
102673,Wayne Selden,NEW ORLEANS PELICANS,2021-01-21,AWAY,UTAH JAZZ,15.59,1.04,0.7,0.0,1.04,1.17,0.1,0.35,0.3,8.02,9.87,5.13,1.7732463295269167,4.739999999999999,0.0,0.0,0,,8.23,8.33,1647,1563
102674,Terrence Jones,MILWAUKEE BUCKS,2021-01-21,AWAY,LOS ANGELES LAKERS,7.63,0.88,0.16,0.49,1.53,0.52,0.14,0.3,0.29,13.95,17.62,3.2,4.433333333333334,14.420000000000002,0.0,5.188207814267953,0,,6.38,6.24,1275,1170
102675,Derrick Rose,NEW YORK KNICKS,2021-01-21,AWAY,GOLDEN STATE WARRIORS,27.64,7.56,0.18,3.0,3.29,3.39,0.56,0.87,1.11,31.08,29.02,34.83,0.8378453809656713,-5.809999999999999,0.0,0.0,0,29,30.87,31.75,6175,5954
102676,Matt Barnes,GOLDEN STATE WARRIORS,2021-01-21,AWAY,NEW YORK KNICKS,12.63,0.91,0.68,0.66,1.95,1.03,0.12,0.36,0.54,16.4,15.55,20.63,0.7651410078594545,-5.079999999999998,0.0,0.0,0,,9.3,9.53,1861,1787
102677,Justin Holiday,NEW YORK KNICKS,2021-01-21,AWAY,GOLDEN STATE WARRIORS,17.5,2.32,0.94,1.26,2.89,1.74,0.42,0.71,0.61,24.41,19.37,29.8,0.6613636363636364,-10.43,1.829282209006074,0.0,0,26,17.58,17.37,3516,3256
102678,Carmelo Anthony,NEW YORK KNICKS,2021-01-21,AWAY,GOLDEN STATE WARRIORS,24.48,4.54,1.11,2.56,4.0,2.59,0.61,0.95,1.12,28.37,31.1,30.63,1.0148593107809043,0.4700000000000024,0.0,0.0,0,22,27.21,28.47,5443,5338
102679,Axel Toupane,NEW ORLEANS PELICANS,2021-01-21,AWAY,UTAH JAZZ,16.32,1.18,0.31,0.22,1.13,0.49,0.15,0.27,0.1,5.1,4.55,6.07,0.7850070721357849,-1.5200000000000005,0.0,0.0,0,,6.76,6.6,1352,1238
102680,Tarik Black,LOS ANGELES LAKERS,2021-01-21,AWAY,MILWAUKEE BUCKS,14.42,1.9,0.26,1.22,5.05,0.82,0.61,0.49,0.78,21.32,17.81,20.6,0.8708333333333332,-2.7900000000000027,0.0,0.0,0,,15.61,15.28,3122,2865
102681,Alexis Ajinça,NEW ORLEANS PELICANS,2021-01-21,AWAY,UTAH JAZZ,20.37,3.05,0.33,1.11,4.64,0.95,0.62,0.61,0.48,20.29,17.21,25.07,0.6985040276179517,-7.859999999999999,0.9977149686420189,0.0,0,,18.4,17.81,3681,3339
102682,Sasha Vujačić,NEW YORK KNICKS,2021-01-21,AWAY,GOLDEN STATE WARRIORS,13.7,0.39,0.54,0.41,1.1,1.7,0.0,0.31,0.34,15.83,13.2,15.07,0.8836341008089608,-1.870000000000001,0.0,0.0,0,,7.27,7.46,1454,1398
102683,David Nwaba,LOS ANGELES LAKERS,2021-01-21,AWAY,MILWAUKEE BUCKS,21.68,3.13,0.47,1.73,4.33,0.91,0.3,0.58,1.32,18.3,17.39,18.33,0.951370926021728,-0.9399999999999977,0.0,0.0,0,14.0,17.28,17.51,3456,3284
102684,Donatas Motiejūnas,NEW ORLEANS PELICANS,2021-01-21,AWAY,UTAH JAZZ,15.63,1.72,0.38,0.77,2.03,1.13,0.2,0.52,0.48,12.57,9.92,16.97,0.6076794657762938,-7.049999999999999,0.9685248356485439,0.0,0,,11.16,10.97,2232,2057
102685,Maurice Ndour,NEW YORK KNICKS,2021-01-21,AWAY,GOLDEN STATE WARRIORS,17.22,1.96,0.0,1.08,3.44,1.01,0.49,0.29,0.67,16.39,13.77,18.5,0.7574358974358975,-4.73,0.0,0.0,0,,12.31,12.04,2463,2258
102686,Metta World Peace,LOS ANGELES LAKERS,2021-01-21,AWAY,MILWAUKEE BUCKS,15.85,1.28,0.8,0.8,2.27,0.82,0.09,0.63,0.76,12.04,8.31,19.23,0.4602076124567474,-10.92,2.619994630185597,0.0,0,,11.11,11.29,2223,2116
102687,Thomas Robinson,LOS ANGELES LAKERS,2021-01-21,AWAY,MILWAUKEE BUCKS,17.8,2.08,0.42,1.32,4.17,0.19,0.3,0.19,1.23,17.31,17.36,13.23,1.2902319044272663,4.129999999999999,0.0,0.0,0,,12.27,12.81,2454,2402
102688,Trey Lyles,UTAH JAZZ,2021-01-21,AWAY,NEW ORLEANS PELICANS,11.0,0.4,0.22,0.33,0.97,0.4,0.08,0.08,0.31,2.98,4.98,4.07,1.1794871794871795,0.9100000000000001,0.0,0.0,0,18,3.72,3.88,745,727
102689,Spencer Hawes,MILWAUKEE BUCKS,2021-01-21,AWAY,LOS ANGELES LAKERS,10.16,0.4,0.19,0.26,1.05,0.48,0.03,0.16,0.2,8.93,9.59,4.43,1.9502762430939227,5.16,0.0,0.0,0,,3.98,4.04,796,757
102690,James Michael McAdoo,GOLDEN STATE WARRIORS,2021-01-21,AWAY,NEW YORK KNICKS,12.18,0.84,0.35,0.49,1.58,0.55,0.13,0.21,0.34,9.95,8.49,5.27,1.5135566188197769,3.2200000000000006,0.0,0.0,0,,6.62,6.7,1324,1257
102691,Greg Monroe,MILWAUKEE BUCKS,2021-01-21,AWAY,LOS ANGELES LAKERS,24.78,3.03,0.01,2.08,5.59,1.59,0.24,0.79,1.55,26.62,26.4,22.87,1.1478843736908253,3.5299999999999976,0.0,0.0,0,,18.8,18.83,3761,3531
102692,Gordon Hayward,UTAH JAZZ,2021-01-21,AWAY,NEW ORLEANS PELICANS,38.54,4.58,1.36,4.21,5.05,2.47,0.41,0.81,1.7,37.37,36.92,45.43,0.8167133318974801,-8.509999999999998,0.20981249315445188,0.0,0,24,29.17,31.24,5835,5857
102693,Boris Diaw,UTAH JAZZ,2021-01-21,AWAY,NEW ORLEANS PELICANS,14.04,1.36,0.13,0.71,0.99,0.83,0.15,0.14,0.7,13.02,13.85,14.1,0.9834437086092715,-0.25,0.0,0.0,0,,6.42,6.6,1285,1237
102694,Shelvin Mack,UTAH JAZZ,2021-01-21,AWAY,NEW ORLEANS PELICANS,7.23,0.39,0.09,0.32,0.61,0.39,0.05,0.05,0.17,8.12,11.84,1.2,5.836363636363636,10.64,0.0,4.903660277179187,0,,2.82,2.88,563,540
102695,Jeff Withey,UTAH JAZZ,2021-01-21,AWAY,NEW ORLEANS PELICANS,8.2,0.4,0.02,0.32,1.16,0.27,0.09,0.0,0.21,6.92,9.67,5.77,1.5760709010339735,3.9000000000000004,0.0,0.0,0,,3.04,3.12,607,585
102696,Josh Smith,NEW ORLEANS PELICANS,2021-01-21,AWAY,UTAH JAZZ,4.62,0.13,0.05,0.0,0.0,0.21,0.01,0.05,0.0,0.0,0.0,0.0,1.0,0.0,0.0,0.0,0,,0.91,0.87,181,163
102697,Mirza Teletović,MILWAUKEE BUCKS,2021-01-21,AWAY,LOS ANGELES LAKERS,13.51,0.17,0.48,0.1,1.22,0.65,0.04,0.41,0.18,7.26,7.34,2.87,2.1550387596899223,4.47,0.0,0.0,0,,5.49,5.43,1098,1018
102698,Mindaugas Kuzminskas,NEW YORK KNICKS,2021-01-21,AWAY,GOLDEN STATE WARRIORS,9.63,0.98,0.36,0.46,0.79,0.31,0.16,0.07,0.13,13.08,15.24,12.4,1.2119402985074628,2.84,0.0,0.0,0,,5.47,5.53,1095,1036
102699,Tony Allen,NEW ORLEANS PELICANS,2021-01-21,AWAY,UTAH JAZZ,4.58,0.53,0.07,0.09,0.96,0.3,0.06,0.17,0.09,19.6,21.17,13.33,1.5471039776692255,7.840000000000002,0.0,1.4032093207949459,0,,3.56,3.46,712,649
102700,Jalen Jones,NEW ORLEANS PELICANS,2021-01-21,AWAY,UTAH JAZZ,11.76,0.76,0.54,0.57,1.6,0.65,0.09,0.26,0.42,14.46,12.6,20.93,0.6201550387596899,-8.33,1.486721273056195,0.0,0,,7.24,7.44,1447,1396
102701,Joel Bolomboy,MILWAUKEE BUCKS,2021-01-21,AWAY,LOS ANGELES LAKERS,10.54,0.51,0.17,0.33,1.32,0.32,0.12,0.04,0.21,5.66,4.37,8.63,0.557632398753894,-4.260000000000001,0.0,0.0,0,,4.19,4.29,839,804
102702,Nate Wolters,UTAH JAZZ,2021-01-21,AWAY,NEW ORLEANS PELICANS,5.88,0.22,0.0,0.03,0.26,0.21,0.04,0.02,0.03,1.21,1.18,1.07,1.0531400966183573,0.10999999999999988,0.0,0.0,0,,1.25,1.22,249,228
102703,Vander Blue,LOS ANGELES LAKERS,2021-01-21,AWAY,MILWAUKEE BUCKS,9.23,0.49,0.16,0.33,0.59,0.18,0.02,0.06,0.37,1.89,1.74,2.17,0.8643533123028392,-0.42999999999999994,0.0,0.0,0,,2.64,2.85,528,535
102704,Ramon Sessions,NEW YORK KNICKS,2021-01-21,AWAY,GOLDEN STATE WARRIORS,12.09,1.19,0.23,0.95,0.81,0.98,0.08,0.15,0.7,8.42,11.28,6.7,1.5948051948051947,4.579999999999999,0.0,0.0,0,,6.45,6.73,1290,1261
102705,Joakim Noah,NEW YORK KNICKS,2021-01-21,AWAY,GOLDEN STATE WARRIORS,6.23,0.17,0.09,0.17,1.42,0.28,0.07,0.07,0.3,14.23,17.94,7.7,2.177011494252874,10.240000000000002,0.0,3.2601928361577817,0,6,3.02,3.15,605,591
102706,Nigel Hayes,LOS ANGELES LAKERS,2021-01-21,AWAY,MILWAUKEE BUCKS,13.77,0.62,0.44,0.47,2.22,0.74,0.28,0.26,0.29,10.77,8.38,15.63,0.5640408899579074,-7.25,1.2021137411989327,0.0,0,,8.13,8.07,1627,1513
102707,Jameer Nelson,NEW ORLEANS PELICANS,2021-01-21,AWAY,UTAH JAZZ,18.02,1.46,1.31,0.57,1.2,3.41,0.0,0.57,1.11,22.55,24.36,24.73,0.9856198989506413,-0.370000000000001,0.0,0.0,0,,14.57,15.28,2915,2864
102708,Ömer Aşık,NEW ORLEANS PELICANS,2021-01-21,AWAY,UTAH JAZZ,17.57,0.26,0.11,0.14,1.07,0.4,0.0,0.03,0.18,2.92,5.9,0.13,6.106194690265488,5.7700000000000005,0.0,0.0,0,,2.78,2.95,557,554
102709,Dante Cunningham,NEW ORLEANS PELICANS,2021-01-21,AWAY,UTAH JAZZ,19.4,1.13,0.85,0.5,3.07,0.8,0.22,0.51,0.13,16.56,17.2,17.37,0.9907457811649427,-0.1700000000000017,0.0,0.0,0,,12.25,12.17,2451,2281
102710,Rashad Vaughn,MILWAUKEE BUCKS,2021-01-21,AWAY,LOS ANGELES LAKERS,3.5,0.16,0.05,0.0,0.17,0.17,0.0,0.08,0.08,6.59,6.8,2.0,2.6,4.8,0.0,0.0,0,,1.09,1.08,218,203
102711,Mike James,NEW ORLEANS PELICANS,2021-01-21,AWAY,UTAH JAZZ,6.16,0.49,0.07,0.05,0.16,0.58,0.0,0.13,0.1,7.6,12.43,4.73,2.3438045375218146,7.699999999999999,0.0,2.3456405704908163,0,,2.59,2.55,518,479
102712,Kristaps Porziņģis,NEW YORK KNICKS,2021-01-21,AWAY,GOLDEN STATE WARRIORS,16.49,3.92,0.6,2.38,5.39,1.85,0.92,0.66,1.15,34.17,35.98,30.23,1.1841178354146653,5.7499999999999964,0.0,0.0,0,22,24.85,25.92,4971,4860
102713,Larry Nance,LOS ANGELES LAKERS,2021-01-21,AWAY,MILWAUKEE BUCKS,21.15,2.09,0.65,1.42,8.14,1.35,0.42,1.04,1.28,32.45,28.64,33.93,0.8485542513598626,-5.289999999999999,0.0,0.0,0,7,22.44,22.36,4489,4192
102714,Doug McDermott,NEW YORK KNICKS,2021-01-21,AWAY,GOLDEN STATE WARRIORS,17.48,0.63,1.04,0.82,1.79,0.65,0.15,0.09,0.44,9.82,9.55,7.43,1.2514827995255042,2.120000000000001,0.0,0.0,0,22,8.6,9.19,1721,1724
102715,Rodney Hood,UTAH JAZZ,2021-01-21,AWAY,NEW ORLEANS PELICANS,19.27,1.44,1.05,1.82,2.32,0.93,0.24,0.41,0.68,15.65,16.18,16.17,1.0005824111822945,0.00999999999999801,0.0,0.0,0,24,13.3,13.63,2660,2556
102716,Joe Johnson,UTAH JAZZ,2021-01-21,AWAY,NEW ORLEANS PELICANS,21.59,3.15,0.72,1.92,3.24,1.94,0.29,0.49,0.7,25.76,25.35,23.37,1.0812474353713581,1.9800000000000004,0.0,0.0,0,,18.82,20.41,3764,3827
102717,Corey Brewer,LOS ANGELES LAKERS,2021-01-21,AWAY,MILWAUKEE BUCKS,14.76,2.44,0.27,0.59,2.53,1.19,0.19,0.83,1.1,16.98,16.0,18.8,0.8585858585858586,-2.8000000000000007,0.0,0.0,0,9.5,13.06,12.85,2612,2410
102718,Sean Kilpatrick,MILWAUKEE BUCKS,2021-01-21,AWAY,LOS ANGELES LAKERS,23.5,1.75,1.0,1.51,3.31,1.76,0.23,0.69,0.65,17.86,21.37,21.93,0.9755778456170956,-0.5599999999999987,0.0,0.0,0,,16.73,16.8,3346,3150
102719,Walt Lemon,NEW ORLEANS PELICANS,2021-01-21,AWAY,UTAH JAZZ,14.3,1.68,0.36,0.35,0.9,1.23,0.16,0.33,0.46,10.58,16.85,7.8,2.028409090909091,9.05,0.0,2.736320294527262,0,,8.72,8.69,1745,1629
102720,Xavier Munford,MILWAUKEE BUCKS,2021-01-21,AWAY,LOS ANGELES LAKERS,3.81,0.18,0.06,0.0,0.25,0.19,0.0,0.09,0.11,1.81,1.87,1.5,1.1480000000000001,0.3700000000000001,0.0,0.0,0,,1.28,1.29,257,242
102721,Erik McCree,UTAH JAZZ,2021-01-21,AWAY,NEW ORLEANS PELICANS,4.67,0.24,0.02,0.13,0.39,0.08,0.04,0.06,0.13,0.93,0.8,1.07,0.8695652173913042,-0.27,0.0,0.0,0,,1.43,1.42,286,267
102722,Derrick Williams,LOS ANGELES LAKERS,2021-01-21,AWAY,MILWAUKEE BUCKS,9.09,0.43,0.05,0.3,0.41,0.39,0.05,0.0,0.04,5.11,4.21,7.5,0.6129411764705882,-3.29,0.0,0.0,0,,2.5,2.51,499,471
102723,Chris Boucher,GOLDEN STATE WARRIORS,2021-01-21,AWAY,NEW YORK KNICKS,10.6,0.53,0.23,0.27,1.79,0.38,0.25,0.19,0.28,9.94,8.34,13.67,0.6366734832992501,-5.33,0.0,0.0,0,25,5.78,5.68,1156,1065
102724,Omri Casspi,GOLDEN STATE WARRIORS,2021-01-21,AWAY,NEW YORK KNICKS,9.22,0.8,0.16,0.07,1.07,0.52,0.07,0.34,0.28,12.46,10.69,14.4,0.759090909090909,-3.710000000000001,0.0,0.0,0,,5.16,5.03,1033,943
102725,Isaiah Thomas,LOS ANGELES LAKERS,2021-01-21,AWAY,MILWAUKEE BUCKS,28.64,5.19,1.78,4.45,3.79,4.22,0.11,1.05,2.44,38.02,37.54,37.9,0.9907455012853471,-0.35999999999999943,0.0,0.0,0,,32.09,34.73,6418,6511
102726,Marshall Plumlee,MILWAUKEE BUCKS,2021-01-21,AWAY,LOS ANGELES LAKERS,7.22,0.38,0.03,0.21,1.04,0.12,0.1,0.0,0.16,10.27,8.34,13.87,0.6281102891728312,-5.529999999999999,0.0,0.0,0,,2.63,2.68,526,502
102727,Troy Williams,NEW YORK KNICKS,2021-01-21,AWAY,GOLDEN STATE WARRIORS,25.3,1.07,0.76,0.62,2.25,0.58,0.13,0.33,0.45,12.71,11.16,8.63,1.2627206645898235,2.5299999999999994,0.0,0.0,0,,9.54,9.8,1908,1837
102728,Patrick McCaw,GOLDEN STATE WARRIORS,2021-01-21,AWAY,NEW YORK KNICKS,16.4,1.48,0.69,0.76,2.53,1.53,0.23,0.58,0.6,15.51,14.03,20.37,0.7033224145999063,-6.340000000000002,0.2635118006053749,0.0,0,10,12.95,12.91,2590,2421
102729,Larry Drew,NEW ORLEANS PELICANS,2021-01-21,AWAY,UTAH JAZZ,5.48,0.27,0.12,0.02,0.0,0.26,0.0,0.03,0.05,3.99,3.26,5.23,0.6837881219903691,-1.9700000000000006,0.0,0.0,0,,1.35,1.41,270,263
102730,Zaza Pachulia,GOLDEN STATE WARRIORS,2021-01-21,AWAY,NEW YORK KNICKS,16.75,1.84,0.5,0.62,3.1,1.16,0.46,0.41,0.66,16.24,15.68,18.47,0.8567026194144839,-2.789999999999999,0.0,0.0,0,,13.21,13.08,2642,2452
102731,Channing Frye,LOS ANGELES LAKERS,2021-01-21,AWAY,MILWAUKEE BUCKS,15.89,0.94,0.6,1.19,2.56,1.26,0.22,0.27,0.24,18.66,19.97,16.47,1.2003434459072697,3.5,0.0,0.0,0,,11.06,11.12,2212,2085
102732,Gary Payton,LOS ANGELES LAKERS,2021-01-21,AWAY,MILWAUKEE BUCKS,20.8,1.11,0.45,0.06,2.54,1.44,0.32,0.62,0.94,13.96,13.91,9.37,1.437801350048216,4.540000000000001,0.0,0.0,0,20,10.72,10.6,2144,1988
102733,Jarrett Jack,NEW YORK KNICKS,2021-01-21,AWAY,GOLDEN STATE WARRIORS,16.05,1.91,0.23,0.59,1.05,1.77,0.08,0.42,0.64,11.88,11.34,10.7,1.0547008547008547,0.6400000000000006,0.0,0.0,0,,9.88,9.86,1975,1849
102734,Kyle O'Quinn,NEW YORK KNICKS,2021-01-21,AWAY,GOLDEN STATE WARRIORS,19.48,1.9,0.05,1.5,5.03,2.0,0.65,0.29,0.89,22.25,21.11,17.27,1.2101806239737274,3.84,0.0,0.0,0,6,16.42,16.2,3283,3037
102735,Thomas Bryant,LOS ANGELES LAKERS,2021-01-21,AWAY,MILWAUKEE BUCKS,12.65,0.62,0.15,0.44,1.78,0.58,0.17,0.18,0.3,6.58,4.83,11.57,0.46380270485282415,-6.74,1.0636418862723291,0.0,0,7,5.89,5.85,1177,1097
102736,Tyler Ennis,LOS ANGELES LAKERS,2021-01-21,AWAY,MILWAUKEE BUCKS,19.67,2.85,1.16,1.25,1.96,2.14,0.09,0.7,1.29,20.79,21.06,22.37,0.9439452289259733,-1.3100000000000023,0.0,0.0,0,,17.07,19.11,3414,3582
102737,Travis Wear,LOS ANGELES LAKERS,2021-01-21,AWAY,MILWAUKEE BUCKS,15.0,0.7,0.5,0.63,2.01,0.75,0.16,0.39,0.47,8.71,9.18,8.37,1.0864461045891143,0.8100000000000005,0.0,0.0,0,,8.25,8.28,1649,1553
102738,Charles Cooke,NEW ORLEANS PELICANS,2021-01-21,AWAY,UTAH JAZZ,4.0,0.13,0.06,0.04,0.1,0.11,0.01,0.03,0.01,0.3,0.54,0.4,1.1,0.14,0.0,0.0,0,,0.88,0.88,175,164
102739,DeAndre Liggins,NEW ORLEANS PELICANS,2021-01-21,AWAY,UTAH JAZZ,7.67,0.41,0.04,0.27,0.86,0.19,0.07,0.07,0.15,6.47,6.07,7.47,0.834710743801653,-1.3999999999999995,0.0,0.0,0,,2.8,2.79,559,524
102740,Emeka Okafor,NEW ORLEANS PELICANS,2021-01-21,AWAY,UTAH JAZZ,9.27,0.41,0.17,0.17,0.85,0.14,0.03,0.08,0.17,5.52,7.66,3.37,1.9816933638443937,4.29,0.0,0.0,0,,2.89,2.99,578,561
102741,Brandon Jennings,MILWAUKEE BUCKS,2021-01-21,AWAY,LOS ANGELES LAKERS,9.01,0.94,0.36,0.39,0.38,0.91,0.02,0.24,0.3,9.16,12.13,4.4,2.4314814814814816,7.73,0.0,2.4363163267601085,0,,5.65,5.74,1130,1076
102742,David Stockton,UTAH JAZZ,2021-01-21,AWAY,NEW ORLEANS PELICANS,2.57,0.11,0.03,0.11,0.12,0.06,0.0,0.0,0.07,2.19,2.25,2.67,0.885558583106267,-0.41999999999999993,0.0,0.0,0,,0.58,0.64,117,120
102743,Jordan Crawford,NEW ORLEANS PELICANS,2021-01-21,AWAY,UTAH JAZZ,11.52,2.34,0.64,0.79,0.8,1.38,0.12,0.47,0.44,23.17,23.0,26.17,0.8833271991166728,-3.1700000000000017,0.0,0.0,0,,11.75,11.74,2350,2201
102744,David West,GOLDEN STATE WARRIORS,2021-01-21,AWAY,NEW YORK KNICKS,12.26,1.73,0.24,0.25,1.44,1.02,0.25,0.25,0.57,15.37,16.12,20.7,0.7889400921658987,-4.579999999999998,0.0,0.0,0,,8.62,8.59,1724,1612
102745,Jabari Parker,MILWAUKEE BUCKS,2021-01-21,AWAY,LOS ANGELES LAKERS,30.06,4.55,0.82,2.41,6.32,1.94,0.76,1.05,1.57,31.62,34.5,34.73,0.9935628323537644,-0.22999999999999687,0.0,0.0,0,10,28.32,29.53,5665,5536
102746,Nick Young,GOLDEN STATE WARRIORS,2021-01-21,AWAY,NEW YORK KNICKS,16.68,0.25,1.51,0.96,1.47,0.46,0.01,0.3,0.36,13.73,13.39,10.97,1.202172096908939,2.42,0.0,0.0,0,,9.01,9.71,1803,1821
102747,Jason Terry,MILWAUKEE BUCKS,2021-01-21,AWAY,LOS ANGELES LAKERS,14.48,0.4,0.29,0.08,1.3,0.62,0.02,0.35,0.24,7.81,9.0,8.93,1.0070493454179255,0.07000000000000028,0.0,0.0,0,,5.11,5.07,1022,951
102748,Tyler Zeller,MILWAUKEE BUCKS,2021-01-21,AWAY,LOS ANGELES LAKERS,4.98,0.31,0.01,0.16,0.48,0.15,0.04,0.02,0.1,4.67,6.12,3.0,1.78,3.12,0.0,0.0,0,7.0,1.69,1.71,338,321
102749,Shabazz Muhammad,MILWAUKEE BUCKS,2021-01-21,AWAY,LOS ANGELES LAKERS,7.38,1.46,0.27,0.84,1.19,0.36,0.12,0.18,0.29,18.4,14.45,19.0,0.7725,-4.550000000000001,0.0,0.0,0,,7.15,7.19,1430,1348
102750,John Henson,MILWAUKEE BUCKS,2021-01-21,AWAY,LOS ANGELES LAKERS,6.8,0.33,0.04,0.08,1.37,0.19,0.08,0.12,0.22,11.36,13.75,7.63,1.7091541135573582,6.12,0.0,0.0,0,10,3.17,3.17,634,594
102751,Damian Jones,GOLDEN STATE WARRIORS,2021-01-21,AWAY,NEW YORK KNICKS,18.03,0.56,0.24,0.35,2.16,0.83,0.2,0.0,0.3,7.1,6.4,9.0,0.74,-2.5999999999999996,0.0,0.0,0,3,6.33,6.5,1265,1220
102752,Matthew Dellavedova,MILWAUKEE BUCKS,2021-01-21,AWAY,LOS ANGELES LAKERS,15.44,1.17,0.51,0.57,1.11,1.38,0.0,0.4,0.5,12.99,12.69,13.3,0.9573426573426572,-0.6100000000000012,0.0,0.0,0,11,8.54,8.7,1708,1632
102753,Ron Baker,NEW YORK KNICKS,2021-01-21,AWAY,GOLDEN STATE WARRIORS,13.12,1.56,0.4,0.44,1.02,1.92,0.19,0.37,0.62,20.06,17.77,20.23,0.8841262364578426,-2.460000000000001,0.0,0.0,0,,9.92,9.93,1985,1861
102754,Jaylen Morris,MILWAUKEE BUCKS,2021-01-21,AWAY,LOS ANGELES LAKERS,10.86,0.87,0.23,0.23,0.91,0.67,0.15,0.27,0.16,10.32,8.77,13.37,0.6798886569241476,-4.6,0.0,0.0,0,,5.86,5.68,1171,1065
102755,Andrew Harrison,NEW ORLEANS PELICANS,2021-01-21,AWAY,UTAH JAZZ,9.42,0.75,0.47,0.24,1.02,1.01,0.03,0.31,0.36,14.23,14.81,12.83,1.1431670281995663,1.9800000000000004,0.0,0.0,0,,6.55,6.68,1310,1252
102756,Thon Maker,MILWAUKEE BUCKS,2021-01-21,AWAY,LOS ANGELES LAKERS,9.94,0.69,0.02,0.53,2.22,0.9,0.23,0.29,0.62,19.59,17.6,19.73,0.8972503617945008,-2.129999999999999,0.0,0.0,0,4,6.92,6.84,1385,1282
102757,Courtney Lee,NEW YORK KNICKS,2021-01-21,AWAY,GOLDEN STATE WARRIORS,12.15,1.93,0.46,1.0,1.86,1.17,0.17,0.54,0.6,24.14,25.95,18.6,1.3749999999999998,7.349999999999998,0.0,0.6534963749301513,0,26,11.76,11.67,2351,2188
102758,Trey Burke,NEW YORK KNICKS,2021-01-21,AWAY,GOLDEN STATE WARRIORS,26.74,1.62,0.74,0.12,0.0,1.48,0.0,0.24,0.43,8.91,9.61,12.57,0.7818717759764185,-2.960000000000001,0.0,0.0,0,27.5,8.09,8.44,1618,1582
102759,Tim Hardaway,NEW YORK KNICKS,2021-01-21,AWAY,GOLDEN STATE WARRIORS,23.35,2.1,2.15,1.9,2.74,1.59,0.16,0.71,0.97,18.61,23.34,19.13,1.2091405861897666,4.210000000000001,0.0,0.0,0,26,19.86,22.19,3973,4161
102760,Enes Kanter,NEW YORK KNICKS,2021-01-21,AWAY,GOLDEN STATE WARRIORS,13.3,1.51,0.23,0.77,2.22,0.52,0.31,0.1,0.59,11.58,14.58,7.67,1.7970011534025374,6.91,0.0,0.9768187128855949,0,6,8.56,8.67,1713,1627
102761,Wesley Johnson,NEW ORLEANS PELICANS,2021-01-21,AWAY,UTAH JAZZ,5.47,0.2,0.05,0.07,0.53,0.22,0.04,0.09,0.09,3.36,3.31,2.13,1.3769968051118213,1.1800000000000002,0.0,0.0,0,,1.89,1.85,377,347
102762,Ivica Zubac,LOS ANGELES LAKERS,2021-01-21,AWAY,MILWAUKEE BUCKS,17.88,3.16,0.5,1.61,4.27,1.31,0.49,0.63,0.91,19.29,22.38,15.9,1.383431952662722,6.479999999999999,0.0,0.0,0,7,18.97,18.77,3794,3519
102763,Sviatoslav Mykhailiuk,LOS ANGELES LAKERS,2021-01-21,AWAY,MILWAUKEE BUCKS,9.99,0.52,0.18,0.31,1.05,0.58,0.07,0.23,0.29,7.51,7.71,5.47,1.3462132921174654,2.24,0.0,0.0,0,11,4.63,4.62,926,866
102764,Michael Beasley,LOS ANGELES LAKERS,2021-01-21,AWAY,MILWAUKEE BUCKS,9.99,0.65,0.16,0.14,1.31,0.69,0.08,0.31,0.26,11.62,12.08,10.2,1.167857142857143,1.8800000000000008,0.0,0.0,0,11.5,5.44,5.32,1087,998
102765,Trevon Duval,MILWAUKEE BUCKS,2021-01-21,AWAY,LOS ANGELES LAKERS,3.27,0.12,0.06,0.0,0.15,0.18,0.0,0.06,0.04,2.93,3.07,3.07,1.0,0.0,0.0,0.0,0,,1.01,1.01,202,189
102766,Isaiah Canaan,MILWAUKEE BUCKS,2021-01-21,AWAY,LOS ANGELES LAKERS,9.46,0.65,0.18,0.37,0.48,0.42,0.07,0.13,0.21,9.47,6.42,16.6,0.42159090909090907,-10.180000000000001,2.5610996491419544,0.0,0,,3.81,3.83,761,717
102767,Pau Gasol,MILWAUKEE BUCKS,2021-01-21,AWAY,LOS ANGELES LAKERS,15.8,0.98,0.86,0.66,2.78,1.16,0.25,0.29,0.49,16.09,19.23,12.97,1.4481030780243378,6.26,0.0,0.0,0,,11.41,11.68,2281,2190
102768,Jason Smith,NEW ORLEANS PELICANS,2021-01-21,AWAY,UTAH JAZZ,13.6,0.95,0.56,0.58,1.43,0.36,0.17,0.18,0.46,8.22,9.15,6.33,1.3847203274215554,2.8200000000000003,0.0,0.0,0,,7.01,7.24,1401,1357
102769,Noah Vonleh,NEW YORK KNICKS,2021-01-21,AWAY,GOLDEN STATE WARRIORS,9.83,0.48,0.35,0.26,3.08,0.59,0.21,0.12,0.43,22.47,21.45,19.6,1.0898058252427183,1.8499999999999979,0.0,0.0,0,22,7.41,7.62,1482,1430
102770,Malcolm Brogdon,MILWAUKEE BUCKS,2021-01-21,AWAY,LOS ANGELES LAKERS,14.35,1.01,0.59,0.03,1.33,1.43,0.07,0.49,0.58,19.94,23.34,16.77,1.369724254361283,6.57,0.0,0.07079846608072547,0,11,8.66,8.75,1732,1641
102771,Andre Ingram,LOS ANGELES LAKERS,2021-01-21,AWAY,MILWAUKEE BUCKS,7.46,0.43,0.17,0.31,0.82,0.42,0.05,0.16,0.32,11.94,10.18,18.57,0.571282575370465,-8.39,1.673040216842296,0.0,0,,3.6,3.68,721,690
102772,Tyson Chandler,LOS ANGELES LAKERS,2021-01-21,AWAY,MILWAUKEE BUCKS,16.26,1.34,0.23,1.75,5.42,0.99,0.39,0.44,0.87,23.11,22.93,20.07,1.1357380161366872,2.8599999999999994,0.0,0.0,0,7,14.73,14.72,2946,2760
102773,Darius Miller,NEW ORLEANS PELICANS,2021-01-21,AWAY,UTAH JAZZ,16.89,0.84,1.11,0.52,1.65,1.3,0.0,0.5,0.5,12.75,12.81,16.2,0.8029069767441861,-3.389999999999999,0.0,0.0,0,10.5,10.46,10.85,2092,2034
102774,DeAndre Jordan,NEW YORK KNICKS,2021-01-21,AWAY,GOLDEN STATE WARRIORS,21.76,1.83,0.33,3.46,10.19,1.86,0.42,0.0,1.49,36.08,37.17,36.37,1.0214075461600216,0.8000000000000043,0.0,0.0,0,6,22.9,23.9,4580,4481
102775,Scott Machado,LOS ANGELES LAKERS,2021-01-21,AWAY,MILWAUKEE BUCKS,4.81,0.38,0.05,0.08,0.38,0.26,0.01,0.09,0.12,4.5,4.38,5.83,0.787701317715959,-1.4500000000000002,0.0,0.0,0,,2.02,2.02,403,379
102776,Stanley Johnson,NEW ORLEANS PELICANS,2021-01-21,AWAY,UTAH JAZZ,18.98,0.75,0.62,0.59,1.47,1.11,0.24,0.36,0.84,11.81,10.96,10.17,1.070725156669651,0.7900000000000009,0.0,0.0,0,14,8.34,8.54,1668,1602
102777,Lance Stephenson,LOS ANGELES LAKERS,2021-01-21,AWAY,MILWAUKEE BUCKS,20.05,3.0,1.33,1.16,3.5,2.56,0.45,0.79,1.02,24.81,22.1,26.27,0.8470847084708472,-4.169999999999998,0.0,0.0,0,,21.89,23.5,4378,4406
102778,Lance Thomas,NEW YORK KNICKS,2021-01-21,AWAY,GOLDEN STATE WARRIORS,20.26,0.84,0.64,1.07,3.17,1.6,0.2,0.34,0.35,16.34,18.21,16.27,1.1123335263462653,1.9400000000000013,0.0,0.0,0,,12.14,12.26,2429,2298
102779,Christian Wood,NEW ORLEANS PELICANS,2021-01-21,AWAY,UTAH JAZZ,26.46,1.21,0.01,1.01,2.54,0.28,0.32,0.0,0.7,6.91,7.41,3.2,2.0023809523809524,4.21,0.0,0.0,0,14,7.19,7.35,1438,1378
102780,Jemerrio Jones,LOS ANGELES LAKERS,2021-01-21,AWAY,MILWAUKEE BUCKS,39.01,0.39,0.57,0.51,7.07,1.48,0.43,0.83,0.96,25.48,22.72,36.4,0.6342245989304813,-13.68,2.4445086592453285,0.0,0,,16.52,16.38,3305,3072
102781,Johnathan Williams,LOS ANGELES LAKERS,2021-01-21,AWAY,MILWAUKEE BUCKS,24.55,2.71,0.2,1.82,6.21,0.77,0.22,0.4,1.01,22.9,18.23,27.37,0.6778286922805781,-9.14,1.4689625446763275,0.0,0,7,17.3,17.59,3459,3299
102782,Mike Muscala,LOS ANGELES LAKERS,2021-01-21,AWAY,MILWAUKEE BUCKS,27.2,1.32,0.83,0.98,2.38,0.99,0.16,0.3,0.58,8.77,13.82,2.53,4.19830028328612,11.290000000000001,0.0,4.61375729598456,0,7,11.25,11.62,2250,2178
102783,Cheick Diallo,NEW ORLEANS PELICANS,2021-01-21,AWAY,UTAH JAZZ,22.96,1.87,0.36,1.22,4.59,0.9,0.49,0.36,0.47,17.26,12.34,29.4,0.4388157894736842,-17.06,3.443154142617687,0.0,0,24,14.98,14.77,2996,2770
102784,Ian Clark,NEW ORLEANS PELICANS,2021-01-21,AWAY,UTAH JAZZ,28.47,2.45,0.8,1.14,2.32,1.64,0.37,0.57,0.74,14.05,13.38,12.57,1.0596904937361828,0.8100000000000005,0.0,0.0,0,,15.76,15.71,3153,2946
102785,Solomon Hill,NEW ORLEANS PELICANS,2021-01-21,AWAY,UTAH JAZZ,21.01,1.56,0.89,1.06,3.24,1.69,0.21,0.98,0.8,19.05,18.34,17.57,1.0414647280560043,0.7699999999999996,0.0,0.0,0,7,16.04,15.86,3209,2974
102786,Moritz Wagner,LOS ANGELES LAKERS,2021-01-21,AWAY,MILWAUKEE BUCKS,18.33,2.0,0.58,1.44,3.6,0.91,0.49,0.49,1.08,13.8,13.38,9.33,1.3920619554695064,4.050000000000001,0.0,0.0,0,7,14.73,14.75,2945,2767
102787,Isaac Bonga,LOS ANGELES LAKERS,2021-01-21,AWAY,MILWAUKEE BUCKS,8.92,0.42,0.05,0.22,1.33,0.57,0.07,0.25,0.37,7.74,6.28,7.67,0.8396770472895041,-1.3899999999999997,0.0,0.0,0,11,4.25,4.21,850,789
102788,Dairis Bertāns,NEW ORLEANS PELICANS,2021-01-21,AWAY,UTAH JAZZ,20.24,0.53,0.9,0.4,0.74,1.22,0.0,0.45,0.07,6.43,5.81,6.2,0.9458333333333333,-0.39000000000000057,0.0,0.0,0,,8.16,8.23,1632,1543
102789,Bonzie Colson,MILWAUKEE BUCKS,2021-01-21,AWAY,LOS ANGELES LAKERS,36.08,1.19,1.1,1.23,4.38,0.64,0.13,0.84,0.87,14.51,11.81,14.73,0.8143674507310871,-2.92,0.0,0.0,0,,15.17,15.4,3033,2887
102790,John Jenkins,NEW YORK KNICKS,2021-01-21,AWAY,GOLDEN STATE WARRIORS,18.6,0.97,0.71,0.6,1.07,1.13,0.01,0.14,0.37,8.24,9.8,3.23,2.5531914893617023,6.57,0.0,0.5027514127499475,0,,7.73,8.17,1546,1532
102791,Marcus Derrickson,GOLDEN STATE WARRIORS,2021-01-21,AWAY,NEW YORK KNICKS,9.19,0.19,0.42,0.35,0.55,0.19,0.0,0.0,0.09,8.36,5.99,11.3,0.5682926829268292,-5.3100000000000005,0.0,0.0,0,,2.85,3.13,569,586
102792,Isaiah Hicks,NEW YORK KNICKS,2021-01-21,AWAY,GOLDEN STATE WARRIORS,19.21,2.59,0.18,1.02,1.68,1.57,0.34,0.22,0.62,11.18,9.82,13.17,0.7635850388143967,-3.3499999999999996,0.0,0.0,0,,12.17,12.09,2434,2268
102793,Henry Ellenson,NEW YORK KNICKS,2021-01-21,AWAY,GOLDEN STATE WARRIORS,22.3,0.54,0.94,1.12,2.85,0.43,0.33,0.09,0.72,12.35,9.16,15.37,0.6206475259621259,-6.209999999999999,0.2683066785577031,0.0,0,,9.62,10.18,1925,1908
102794,Naz Mitrou-Long,UTAH JAZZ,2021-01-21,AWAY,NEW ORLEANS PELICANS,20.52,0.95,0.16,0.38,1.04,1.2,0.11,0.17,0.58,6.2,4.32,10.77,0.45199660152931187,-6.449999999999999,0.7842260140966971,0.0,0,21,6.07,6.21,1214,1164
102795,Billy Garrett,NEW YORK KNICKS,2021-01-21,AWAY,GOLDEN STATE WARRIORS,13.94,2.07,0.24,0.76,1.28,1.17,0.34,0.36,0.29,10.96,11.02,12.37,0.8990276738967838,-1.3499999999999996,0.0,0.0,0,,10.72,10.35,2144,1941
102796,Luke Kornet,NEW YORK KNICKS,2021-01-21,AWAY,GOLDEN STATE WARRIORS,23.15,1.34,1.11,1.13,2.47,1.77,0.4,0.34,0.79,18.38,17.55,19.3,0.9137931034482759,-1.75,0.0,0.0,0,6,14.19,14.52,2838,2723
102797,Tyler Cavanaugh,UTAH JAZZ,2021-01-21,AWAY,NEW ORLEANS PELICANS,14.38,0.25,0.51,0.34,1.32,0.24,0.04,0.1,0.07,6.99,7.18,8.8,0.8346938775510203,-1.620000000000001,0.0,0.0,0,,4.66,4.88,933,915
102798,Mario Hezonja,NEW YORK KNICKS,2021-01-21,AWAY,GOLDEN STATE WARRIORS,21.26,1.52,0.77,0.99,3.27,1.79,0.42,0.72,0.92,17.14,15.52,17.97,0.870848708487085,-2.4499999999999993,0.0,0.0,0,22,15.45,15.32,3090,2872
102799,DeMarcus Cousins,GOLDEN STATE WARRIORS,2021-01-21,AWAY,NEW YORK KNICKS,7.05,1.59,0.75,1.65,3.12,1.4,0.2,0.47,0.87,57.14,50.52,59.33,0.8539698325874359,-8.809999999999995,0.0,0.0,0,,14.06,14.36,2813,2692
102800,Grayson Allen,UTAH JAZZ,2021-01-21,AWAY,NEW ORLEANS PELICANS,14.54,1.96,0.56,1.93,1.76,0.82,0.19,0.17,0.93,16.02,12.81,22.53,0.5869103272418189,-9.72,1.991983030007169,0.0,0,21,11.02,11.5,2204,2155
102801,Ekpe Udoh,UTAH JAZZ,2021-01-21,AWAY,NEW ORLEANS PELICANS,5.23,0.16,0.0,0.05,0.38,0.15,0.04,0.0,0.08,2.4,3.06,2.07,1.3224755700325734,0.9900000000000002,0.0,0.0,0,,1.09,1.11,218,208
102802,Raul Neto,UTAH JAZZ,2021-01-21,AWAY,NEW ORLEANS PELICANS,8.26,0.38,0.06,0.27,0.69,0.34,0.08,0.02,0.18,6.32,8.49,3.9,1.936734693877551,4.59,0.0,0.0,0,24,2.67,2.72,534,510
102803,Ricky Rubio,UTAH JAZZ,2021-01-21,AWAY,NEW ORLEANS PELICANS,33.6,4.99,0.73,2.04,1.99,6.16,0.0,1.49,2.31,37.04,38.03,35.17,1.0790710533591374,2.8599999999999994,0.0,0.0,0,24,28.0,29.63,5600,5555
102804,Jae Crowder,UTAH JAZZ,2021-01-21,AWAY,NEW ORLEANS PELICANS,30.57,1.65,1.64,1.73,4.69,1.56,0.21,0.88,0.91,26.8,28.05,28.93,0.970598062145005,-0.879999999999999,0.0,0.0,0,24,20.28,20.7,4056,3881
102805,Thabo Sefolosha,UTAH JAZZ,2021-01-21,AWAY,NEW ORLEANS PELICANS,7.08,0.32,0.24,0.2,0.49,0.24,0.01,0.08,0.21,4.14,10.07,0.33,8.32330827067669,9.74,0.0,5.088232130472658,0,18,2.57,2.73,514,511
102806,Jordan Bell,GOLDEN STATE WARRIORS,2021-01-21,AWAY,NEW YORK KNICKS,6.48,0.31,0.12,0.06,0.36,0.31,0.05,0.06,0.17,4.41,7.79,4.7,1.5421052631578946,3.09,0.0,0.0,0,17.5,2.1,2.15,419,403
102807,Kevin Durant,GOLDEN STATE WARRIORS,2021-01-21,AWAY,NEW YORK KNICKS,38.76,3.73,1.5,2.65,5.22,3.21,0.65,0.74,1.36,36.0,39.32,39.97,0.9841347327312668,-0.6499999999999986,0.0,0.0,0,8.5,28.5,30.3,5700,5681
102808,Andre Iguodala,GOLDEN STATE WARRIORS,2021-01-21,AWAY,NEW YORK KNICKS,27.16,2.55,1.03,1.44,3.61,3.05,0.34,0.69,0.82,21.51,24.11,25.8,0.9369402985074626,-1.6900000000000013,0.0,0.0,0,7,20.81,20.88,4161,3915
102809,Klay Thompson,GOLDEN STATE WARRIORS,2021-01-21,AWAY,NEW YORK KNICKS,37.95,3.27,2.07,2.31,3.1,2.06,0.29,0.93,1.4,27.88,32.29,24.9,1.2853281853281853,7.390000000000001,0.0,0.34145593632998567,0,8.5,24.13,26.3,4826,4931
102810,Nikola Mirotić,MILWAUKEE BUCKS,2021-01-21,AWAY,LOS ANGELES LAKERS,18.72,0.16,0.97,1.13,4.0,1.68,0.21,0.7,0.45,21.28,24.43,16.87,1.4230554001119193,7.559999999999999,0.0,0.918955605474453,0,,13.96,13.96,2792,2618
102811,Jonas Jerebko,GOLDEN STATE WARRIORS,2021-01-21,AWAY,NEW YORK KNICKS,11.89,0.65,0.21,0.32,1.45,0.73,0.12,0.21,0.47,7.94,9.08,8.77,1.0317297850562948,0.3100000000000005,0.0,0.0,0,,5.61,5.69,1121,1066
102812,Shaun Livingston,GOLDEN STATE WARRIORS,2021-01-21,AWAY,NEW YORK KNICKS,11.47,1.38,0.22,0.46,1.27,1.07,0.13,0.23,0.3,14.17,15.46,10.37,1.4476693051890943,5.090000000000002,0.0,0.0,0,,7.79,7.75,1558,1454
102813,Tony Snell,MILWAUKEE BUCKS,2021-01-21,AWAY,LOS ANGELES LAKERS,11.12,0.24,0.69,0.17,0.76,0.73,0.0,0.27,0.16,16.09,15.73,15.73,1.0,0.0,0.0,0.0,0,8,5.38,5.57,1075,1044
102814,Andrew Bogut,GOLDEN STATE WARRIORS,2021-01-21,AWAY,NEW YORK KNICKS,6.77,0.29,0.1,0.0,1.03,0.35,0.17,0.1,0.25,10.15,11.3,7.67,1.4186851211072666,3.630000000000001,0.0,0.0,0,,3.2,3.16,640,592
102815,Tim Frazier,MILWAUKEE BUCKS,2021-01-21,AWAY,LOS ANGELES LAKERS,10.3,0.97,0.27,0.42,0.51,1.85,0.0,0.42,0.53,16.79,17.09,16.83,1.014582164890634,0.26000000000000156,0.0,0.0,0,,7.29,7.29,1457,1367
102816,Stanton Kidd,UTAH JAZZ,2021-01-21,AWAY,NEW ORLEANS PELICANS,2.44,0.11,0.04,0.06,0.24,0.06,0.02,0.02,0.06,1.2,1.2,1.2,1.0,0.0,0.0,0.0,0,,0.84,0.86,168,161
102817,Josh Gray,NEW ORLEANS PELICANS,2021-01-21,AWAY,UTAH JAZZ,11.06,1.19,0.24,0.32,0.93,1.01,0.14,0.48,0.68,13.24,12.49,19.3,0.6645320197044334,-6.8100000000000005,0.6617614864292379,0.0,0,8,7.23,7.12,1446,1335
102818,Dante Exum,UTAH JAZZ,2021-01-21,AWAY,NEW ORLEANS PELICANS,9.84,0.42,0.22,0.18,0.82,0.53,0.05,0.15,0.4,8.85,11.49,4.3,2.3566037735849057,7.19,0.0,1.8702311321360263,0,21,3.66,3.81,732,714
102819,Jeff Green,UTAH JAZZ,2021-01-21,AWAY,NEW ORLEANS PELICANS,19.39,2.17,0.61,0.59,3.0,1.43,0.42,0.7,0.84,14.07,14.57,13.47,1.0760193503800968,1.0999999999999996,0.0,0.0,0,18,15.02,14.78,3005,2771
102820,Willie Cauley-Stein,GOLDEN STATE WARRIORS,2021-01-21,AWAY,NEW YORK KNICKS,16.37,3.62,0.34,1.91,6.59,1.8,0.79,0.75,0.84,34.24,32.44,34.6,0.9393258426966291,-2.1600000000000037,0.0,0.0,0,3,24.56,25.44,4912,4770
102821,Kadeem Allen,NEW YORK KNICKS,2021-01-21,AWAY,GOLDEN STATE WARRIORS,14.8,1.12,0.24,0.57,1.36,0.66,0.15,0.15,0.64,6.63,4.61,9.6,0.529245283018868,-4.989999999999999,0.0,0.0,0,,6.41,6.62,1282,1241
102822,Glenn Robinson,GOLDEN STATE WARRIORS,2021-01-21,AWAY,NEW YORK KNICKS,26.3,1.47,0.48,0.76,2.36,0.99,0.22,0.29,0.52,7.4,8.64,6.7,1.251948051948052,1.9400000000000004,0.0,0.0,0,10,10.47,10.57,2093,1983
102823,Marcus Morris,NEW YORK KNICKS,2021-01-21,AWAY,GOLDEN STATE WARRIORS,28.77,2.84,0.74,1.71,2.73,1.14,0.52,0.3,0.6,19.16,19.54,13.73,1.3944331296673456,5.809999999999999,0.0,0.0,0,22,16.46,16.44,3291,3083
102824,D'Angelo Russell,GOLDEN STATE WARRIORS,2021-01-21,AWAY,NEW YORK KNICKS,33.31,3.55,1.67,2.1,2.59,2.46,0.25,1.16,2.48,29.87,33.44,31.33,1.0652644602536343,2.1099999999999994,0.0,0.0,0,25,22.76,25.05,4552,4697
102825,Jacob Evans,GOLDEN STATE WARRIORS,2021-01-21,AWAY,NEW YORK KNICKS,13.68,0.75,0.3,0.32,0.74,0.58,0.12,0.15,0.29,8.86,7.82,6.87,1.1207115628970776,0.9500000000000002,0.0,0.0,0,7,5.0,5.06,1000,949
102826,Omari Spellman,GOLDEN STATE WARRIORS,2021-01-21,AWAY,NEW YORK KNICKS,26.18,0.79,0.78,0.89,3.35,0.99,0.09,0.32,0.34,17.3,16.26,18.03,0.9069889647924331,-1.7699999999999996,0.0,0.0,0,17.5,11.2,11.52,2241,2160
102827,Jeremy Pargo,GOLDEN STATE WARRIORS,2021-01-21,AWAY,NEW YORK KNICKS,15.41,1.74,0.5,0.4,0.05,1.16,0.08,0.15,0.35,13.26,13.2,13.2,1.0,0.0,0.0,0.0,0,,7.52,7.72,1504,1447
102828,Zach Norvell,GOLDEN STATE WARRIORS,2021-01-21,AWAY,NEW YORK KNICKS,11.23,0.3,0.33,0.19,0.36,0.52,0.06,0.21,0.29,7.12,7.83,7.83,1.0,0.0,0.0,0.0,0,,3.51,3.57,702,669
102829,Alen Smailagić,GOLDEN STATE WARRIORS,2021-01-21,AWAY,NEW YORK KNICKS,12.94,0.85,0.17,0.57,0.68,0.5,0.06,0.05,0.5,6.66,7.1,4.53,1.4647377938517179,2.5699999999999994,0.0,0.0,0,25,4.18,4.43,835,832
102830,Troy Daniels,LOS ANGELES LAKERS,2021-01-21,AWAY,MILWAUKEE BUCKS,6.96,0.13,0.33,0.0,0.24,0.33,0.01,0.14,0.14,4.62,4.6,8.0,0.6222222222222222,-3.4000000000000004,0.0,0.0,0,8,2.34,2.44,469,458
102831,Allonzo Trier,NEW YORK KNICKS,2021-01-21,AWAY,GOLDEN STATE WARRIORS,14.4,1.93,0.59,1.19,1.49,1.39,0.18,0.21,0.85,16.39,19.58,15.43,1.2525867315885575,4.149999999999999,0.0,0.0,0,,11.01,11.42,2203,2141
102832,Damyean Dotson,NEW YORK KNICKS,2021-01-21,AWAY,GOLDEN STATE WARRIORS,16.44,1.79,0.87,1.2,3.09,1.54,0.36,0.58,0.51,21.06,16.48,23.97,0.7000400480576693,-7.489999999999998,0.8567455042744928,0.0,0,26,15.72,15.62,3144,2929
102833,Dragan Bender,GOLDEN STATE WARRIORS,2021-01-21,AWAY,NEW YORK KNICKS,21.61,0.55,0.75,0.48,2.79,0.91,0.32,0.36,0.27,11.98,10.56,15.53,0.6993345432546885,-4.969999999999999,0.0,0.0,0,10,10.31,10.28,2063,1928
102834,Ky Bowman,GOLDEN STATE WARRIORS,2021-01-21,AWAY,NEW YORK KNICKS,17.71,2.53,0.41,0.8,2.13,1.2,0.53,0.48,1.15,19.36,16.7,18.23,0.9204368174726989,-1.5300000000000011,0.0,0.0,0,25,13.33,13.2,2665,2475
102835,Avery Bradley,LOS ANGELES LAKERS,2021-01-21,AWAY,MILWAUKEE BUCKS,31.04,2.77,1.55,1.33,3.84,1.58,0.14,0.92,1.03,30.29,28.19,36.73,0.7736549165120594,-8.539999999999996,0.6940545609735865,0.0,0,8,20.65,22.57,4130,4232
102836,Chasson Randle,GOLDEN STATE WARRIORS,2021-01-21,AWAY,NEW YORK KNICKS,12.31,1.21,0.2,0.81,0.85,0.56,0.22,0.23,0.66,11.28,10.37,10.0,1.0336363636363635,0.3699999999999992,0.0,0.0,0,25,6.38,6.4,1276,1200
102837,Maurice Harkless,NEW YORK KNICKS,2021-01-21,AWAY,GOLDEN STATE WARRIORS,35.35,2.5,0.69,1.22,3.86,1.47,0.47,0.85,0.86,17.7,19.56,17.67,1.1012319228709158,1.889999999999997,0.0,0.0,0,29,18.23,17.88,3645,3352
102838,Taj Gibson,NEW YORK KNICKS,2021-01-21,AWAY,GOLDEN STATE WARRIORS,18.83,3.33,0.46,1.46,3.38,0.69,0.66,0.28,0.93,15.47,16.59,16.13,1.0268534734384123,0.46000000000000085,0.0,0.0,0,6,16.48,16.4,3296,3076
102839,Wayne Ellington,NEW YORK KNICKS,2021-01-21,AWAY,GOLDEN STATE WARRIORS,12.59,0.22,1.11,0.61,1.6,0.84,0.03,0.37,0.3,15.17,11.92,18.5,0.6625641025641026,-6.58,0.5186686329577717,0.0,0,26,8.46,8.85,1692,1658
102840,E'Twaun Moore,NEW ORLEANS PELICANS,2021-01-21,AWAY,UTAH JAZZ,23.18,2.1,0.54,0.99,2.2,2.04,0.16,0.65,0.53,16.38,15.69,16.4,0.9591954022988505,-0.7099999999999991,0.0,0.0,0,13,14.41,14.25,2882,2671
102841,Frank Jackson,NEW ORLEANS PELICANS,2021-01-21,AWAY,UTAH JAZZ,33.35,3.69,1.59,2.37,2.38,2.23,0.1,0.75,0.96,25.3,24.81,27.27,0.9129819596745666,-2.460000000000001,0.0,0.0,0,8,22.31,24.35,4462,4567
102842,Ed Davis,UTAH JAZZ,2021-01-21,AWAY,NEW ORLEANS PELICANS,9.49,0.49,0.21,0.35,1.52,0.55,0.06,0.02,0.26,13.43,13.88,18.37,0.7681982447083118,-4.49,0.0,0.0,0,18,4.59,4.82,918,904
102843,Zylan Cheatham,NEW ORLEANS PELICANS,2021-01-21,AWAY,UTAH JAZZ,14.72,0.81,0.13,0.02,1.2,0.46,0.16,0.18,0.27,6.97,7.32,4.73,1.4520069808027922,2.59,0.0,0.0,0,7,4.91,4.83,982,906
102844,Devontae Cacok,LOS ANGELES LAKERS,2021-01-21,AWAY,MILWAUKEE BUCKS,9.98,0.93,0.1,0.21,2.17,0.48,0.13,0.21,0.06,13.5,13.5,13.5,1.0,0.0,0.0,0.0,0,11.5,6.65,6.5,1331,1219
102845,Jahlil Okafor,NEW ORLEANS PELICANS,2021-01-21,AWAY,UTAH JAZZ,16.29,3.22,0.07,1.26,3.21,1.0,0.68,0.4,1.24,21.34,20.37,9.23,2.088954056695992,11.14,0.0,3.3749775519866554,0,24,15.26,15.0,3052,2812
102846,Kenrich Williams,NEW ORLEANS PELICANS,2021-01-21,AWAY,UTAH JAZZ,21.0,0.98,1.08,0.54,4.06,2.18,0.11,1.07,0.95,25.82,25.33,31.57,0.8084126496776174,-6.240000000000002,0.035624589982450085,0.0,0,14,16.47,16.51,3294,3096
102847,Justin Wright-Foreman,UTAH JAZZ,2021-01-21,AWAY,NEW ORLEANS PELICANS,13.38,0.87,0.52,0.14,1.1,1.1,0.16,0.34,0.47,9.08,9.62,8.53,1.1143756558237146,1.0899999999999999,0.0,0.0,0,24,7.44,7.49,1488,1404
102848,Nigel Williams-Goss,UTAH JAZZ,2021-01-21,AWAY,NEW ORLEANS PELICANS,5.15,0.24,0.0,0.08,0.41,0.26,0.04,0.07,0.11,4.11,5.03,4.03,1.1988071570576542,1.0,0.0,0.0,0,24,1.66,1.63,332,305
102849,Emmanuel Mudiay,UTAH JAZZ,2021-01-21,AWAY,NEW ORLEANS PELICANS,12.99,1.99,0.41,1.28,1.52,1.6,0.09,0.26,0.93,19.6,15.83,20.87,0.7695473251028806,-5.040000000000001,0.0,0.0,0,24,10.83,11.23,2167,2106
102850,Rayjon Tucker,UTAH JAZZ,2021-01-21,AWAY,NEW ORLEANS PELICANS,6.89,0.35,0.09,0.13,0.53,0.15,0.08,0.03,0.14,1.91,2.43,1.87,1.1951219512195121,0.56,0.0,0.0,0,21,2.15,2.18,430,409
102851,Robin Lopez,MILWAUKEE BUCKS,2021-01-21,AWAY,LOS ANGELES LAKERS,11.53,1.48,0.0,0.71,3.47,0.02,0.36,0.0,0.34,25.01,26.23,22.2,1.173706896551724,4.030000000000001,0.0,0.0,0,4,8.6,8.59,1721,1610
102852,Sterling Brown,MILWAUKEE BUCKS,2021-01-21,AWAY,LOS ANGELES LAKERS,6.25,0.14,0.11,0.0,0.56,0.28,0.02,0.14,0.07,6.06,4.76,4.13,1.1228070175438596,0.6299999999999999,0.0,0.0,0,8,2.11,2.07,422,388
102853,Ersan İlyasova,MILWAUKEE BUCKS,2021-01-21,AWAY,LOS ANGELES LAKERS,13.73,0.65,0.69,0.65,2.23,0.34,0.0,0.17,0.53,11.34,14.7,8.47,1.6578669482576556,6.229999999999999,0.0,0.0,0,10,7.19,7.74,1437,1451
102854,Tony Bradley,UTAH JAZZ,2021-01-21,AWAY,NEW ORLEANS PELICANS,5.3,0.16,0.0,0.05,0.37,0.15,0.04,0.0,0.02,2.59,6.12,3.03,1.7667493796526057,3.0900000000000003,0.0,0.0,0,18,1.14,1.13,228,211
102855,Frank Mason,MILWAUKEE BUCKS,2021-01-21,AWAY,LOS ANGELES LAKERS,9.72,0.93,0.32,0.62,1.04,1.14,0.13,0.2,0.45,14.34,17.84,8.33,2.0192926045016075,9.51,0.0,2.8815045141044657,0,11,6.94,7.05,1388,1321
102856,Dion Waiters,LOS ANGELES LAKERS,2021-01-21,AWAY,MILWAUKEE BUCKS,5.38,0.8,0.37,0.55,0.54,0.76,0.03,0.15,0.37,26.03,25.09,23.73,1.0549939344925192,1.3599999999999994,0.0,0.0,0,14.0,5.22,5.43,1044,1019
102857,Marvin Williams,MILWAUKEE BUCKS,2021-01-21,AWAY,LOS ANGELES LAKERS,23.03,0.32,0.76,1.27,5.37,1.09,0.65,0.51,1.02,22.05,24.69,16.97,1.42960489705064,7.720000000000002,0.0,1.026050850561944,0,10,14.73,14.73,2946,2761
102858,Kyle Korver,MILWAUKEE BUCKS,2021-01-21,AWAY,LOS ANGELES LAKERS,10.44,0.15,0.41,0.43,0.87,0.58,0.04,0.14,0.09,12.68,12.78,11.1,1.1388429752066116,1.6799999999999997,0.0,0.0,0,8,4.32,4.44,865,832
102859,George Hill,MILWAUKEE BUCKS,2021-01-21,AWAY,LOS ANGELES LAKERS,29.26,3.69,0.78,2.82,2.98,2.66,0.1,0.31,1.15,27.24,27.63,29.77,0.9304517387065323,-2.1400000000000006,0.0,0.0,0,11,20.19,22.39,4037,4198
102860,JaVale McGee,LOS ANGELES LAKERS,2021-01-21,AWAY,MILWAUKEE BUCKS,6.36,0.99,0.12,0.44,1.91,0.34,0.3,0.07,0.23,22.97,22.52,24.13,0.935933147632312,-1.6099999999999994,0.0,0.0,0,7,6.46,6.36,1292,1193
102861,J.R. Smith,LOS ANGELES LAKERS,2021-01-21,AWAY,MILWAUKEE BUCKS,8.77,0.0,0.35,0.24,0.62,0.52,0.04,0.14,0.17,12.85,15.48,11.6,1.307936507936508,3.880000000000001,0.0,0.0,0,9.5,3.18,3.29,637,618
102862,Rajon Rondo,LOS ANGELES LAKERS,2021-01-21,AWAY,MILWAUKEE BUCKS,29.36,3.07,0.47,0.42,4.73,4.06,0.05,1.29,1.64,40.3,37.03,40.03,0.926882768705825,-3.0,0.0,0.0,0,20,22.12,22.07,4423,4138
102863,Danny Green,LOS ANGELES LAKERS,2021-01-21,AWAY,MILWAUKEE BUCKS,22.69,0.75,1.26,0.88,2.87,1.36,0.35,0.46,0.53,14.21,16.21,10.97,1.4377610693400167,5.24,0.0,0.0,0,8,13.54,13.77,2709,2582
102864,Dwight Howard,LOS ANGELES LAKERS,2021-01-21,AWAY,MILWAUKEE BUCKS,5.9,0.63,0.27,0.56,2.16,0.35,0.15,0.15,0.46,27.26,26.4,27.47,0.962416578854935,-1.0700000000000003,0.0,0.0,0,7,6.19,6.36,1237,1192
102865,Marquese Chriss,GOLDEN STATE WARRIORS,2021-01-21,AWAY,NEW YORK KNICKS,15.96,1.99,0.75,1.45,4.31,1.33,0.59,0.43,1.14,26.88,24.1,22.63,1.0622090562843844,1.4700000000000024,0.0,0.0,0,25,16.77,16.91,3353,3170
102866,Alec Burks,NEW YORK KNICKS,2021-01-21,AWAY,GOLDEN STATE WARRIORS,17.13,0.88,0.48,0.47,2.55,1.15,0.31,0.36,0.64,8.82,9.8,9.07,1.0724925521350546,0.7300000000000004,0.0,0.0,0,26,9.82,9.84,1965,1845
102867,Torrey Craig,MILWAUKEE BUCKS,2021-01-21,AWAY,LOS ANGELES LAKERS,6.86,0.14,0.12,0.13,1.07,0.19,0.17,0.04,0.24,9.06,11.27,5.37,1.9262166405023546,5.8999999999999995,0.0,0.0,0,8,2.73,2.75,546,516
102868,Kostas Antetokounmpo,LOS ANGELES LAKERS,2021-01-21,AWAY,MILWAUKEE BUCKS,7.4,0.44,0.12,0.11,0.67,0.35,0.07,0.1,0.31,4.5,4.73,3.23,1.3546099290780143,1.5000000000000004,0.0,0.0,0,12,2.88,2.96,576,555
102869,Frank Ntilikina,NEW YORK KNICKS,2021-01-21,AWAY,GOLDEN STATE WARRIORS,16.55,2.37,0.62,0.34,1.99,1.91,0.36,0.6,0.82,22.91,18.89,29.63,0.6493633692458375,-10.739999999999998,1.944984493400149,0.0,0,29,14.25,14.11,2851,2646
102870,Willy Hernangómez,NEW ORLEANS PELICANS,2021-01-21,AWAY,UTAH JAZZ,13.58,2.09,0.16,1.35,3.93,1.29,0.19,0.43,0.91,28.89,29.38,34.9,0.8462395543175487,-5.52,0.0,0.0,0,24,13.61,13.72,2722,2573
102871,Jared Harper,NEW YORK KNICKS,2021-01-21,AWAY,GOLDEN STATE WARRIORS,3.24,0.13,0.0,0.11,0.0,0.02,0.02,0.0,0.02,0.58,0.5,0.67,0.8982035928143713,-0.17000000000000004,0.0,0.0,0,27.5,0.44,0.43,88,81
102872,Juan Toscano-Anderson,GOLDEN STATE WARRIORS,2021-01-21,AWAY,NEW YORK KNICKS,7.8,0.32,0.14,0.1,0.9,0.48,0.09,0.17,0.2,12.9,17.75,10.57,1.6205704407951598,7.18,0.0,1.0670236801397524,0,10,3.54,3.5,708,655
102873,Juwan Morgan,UTAH JAZZ,2021-01-21,AWAY,NEW ORLEANS PELICANS,7.29,0.36,0.14,0.17,0.77,0.16,0.08,0.03,0.13,4.32,3.77,3.83,0.9875776397515527,-0.06000000000000005,0.0,0.0,0,18,2.67,2.74,535,513
102874,Nico Mannion,GOLDEN STATE WARRIORS,2021-01-21,AWAY,NEW YORK KNICKS,8.82,0.31,0.13,0.0,0.51,0.94,0.05,0.21,0.05,5.4,5.4,5.4,1.0,0.0,0.0,0.0,0,,3.76,3.62,752,678
102875,Jaylen Adams,MILWAUKEE BUCKS,2021-01-21,AWAY,LOS ANGELES LAKERS,6.96,0.38,0.15,0.06,0.41,0.6,0.06,0.22,0.22,14.2,12.03,16.6,0.740340909090909,-4.570000000000002,0.0,0.0,0,10.5,3.28,3.21,656,601
102876,Lonzo Ball,NEW ORLEANS PELICANS,2021-01-21,AWAY,UTAH JAZZ,32.86,1.7,0.96,0.75,4.49,4.38,0.0,1.16,1.71,33.96,34.81,34.0,1.0231428571428571,0.8100000000000023,0.0,0.0,0,8,20.76,21.16,4152,3967
102877,Jared Dudley,LOS ANGELES LAKERS,2021-01-21,AWAY,MILWAUKEE BUCKS,13.65,0.99,0.92,0.7,2.0,1.53,0.12,0.6,0.7,22.09,22.53,21.13,1.0632625395390873,1.4000000000000021,0.0,0.0,0,11,11.59,11.79,2319,2210
102878,Trent Forrest,UTAH JAZZ,2021-01-21,AWAY,NEW ORLEANS PELICANS,1.47,0.07,0.0,0.09,0.07,0.03,0.0,0.0,0.03,3.06,3.25,3.25,1.0,0.0,0.0,0.0,0,,0.33,0.35,66,65
102879,Joe Ingles,UTAH JAZZ,2021-01-21,AWAY,NEW ORLEANS PELICANS,24.96,1.06,0.69,1.05,3.22,2.33,0.17,0.9,1.18,23.47,22.31,19.5,1.1370731707317072,2.8099999999999987,0.0,0.0,0,24,14.63,14.66,2926,2748
102880,Sam Merrill,MILWAUKEE BUCKS,2021-01-21,AWAY,LOS ANGELES LAKERS,2.85,0.07,0.08,0.0,0.2,0.19,0.0,0.06,0.08,6.4,5.69,11.37,0.5408245755860954,-5.679999999999999,0.0,0.0,0,,1.0,1.04,201,194
102881,D.J. Wilson,MILWAUKEE BUCKS,2021-01-21,AWAY,LOS ANGELES LAKERS,2.31,0.12,0.04,0.02,0.21,0.08,0.0,0.05,0.05,3.97,2.93,5.37,0.6169544740973313,-2.44,0.0,0.0,0,10,0.85,0.86,170,161
102882,Jordan Nwora,MILWAUKEE BUCKS,2021-01-21,AWAY,LOS ANGELES LAKERS,9.95,0.72,0.41,0.22,1.13,0.38,0.05,0.32,0.44,8.7,9.12,10.0,0.9199999999999999,-0.8800000000000008,0.0,0.0,0,,5.49,5.6,1097,1050
102883,Jarrell Brantley,UTAH JAZZ,2021-01-21,AWAY,NEW ORLEANS PELICANS,8.66,0.35,0.07,0.16,0.89,0.44,0.12,0.09,0.24,5.24,8.42,0.07,8.80373831775701,8.35,0.0,4.597232880909328,0,18,3.19,3.18,638,596
102884,Sindarius Thornwell,NEW ORLEANS PELICANS,2021-01-21,AWAY,UTAH JAZZ,16.12,1.48,0.43,0.48,1.72,1.63,0.04,0.38,1.0,15.76,14.82,21.63,0.6990720282810429,-6.809999999999999,0.5552414341833193,0.0,0,10.5,9.5,9.88,1900,1853
102885,Mychal Mulder,GOLDEN STATE WARRIORS,2021-01-21,AWAY,NEW YORK KNICKS,11.88,0.32,0.94,0.94,1.24,0.79,0.06,0.22,0.22,16.42,14.24,14.87,0.9603024574669188,-0.629999999999999,0.0,0.0,0,7,7.69,8.06,1539,1510
102886,Thanasis Antetokounmpo,MILWAUKEE BUCKS,2021-01-21,AWAY,LOS ANGELES LAKERS,6.46,0.37,0.1,0.0,0.85,0.24,0.04,0.19,0.27,8.66,5.31,14.3,0.41241830065359475,-8.990000000000002,2.2762395742569765,0.0,0,8,2.84,2.84,568,532
102887,Elijah Hughes,UTAH JAZZ,2021-01-21,AWAY,NEW ORLEANS PELICANS,9.22,0.53,0.24,0.43,0.72,0.3,0.06,0.06,0.35,4.64,4.55,4.8,0.9568965517241379,-0.25,0.0,0.0,0,,3.53,3.75,707,702
102888,Naji Marshall,NEW ORLEANS PELICANS,2021-01-21,AWAY,UTAH JAZZ,3.8,0.09,0.0,0.07,0.05,0.18,0.0,0.01,0.0,2.7,2.7,2.7,1.0,0.0,0.0,0.0,0,,0.61,0.6,122,113
102889,Nicolò Melli,NEW ORLEANS PELICANS,2021-01-21,AWAY,UTAH JAZZ,18.66,1.32,0.74,1.48,2.9,1.87,0.0,0.74,0.98,17.89,20.04,18.97,1.0535803705558338,1.0700000000000003,0.0,0.0,0,24,13.86,14.13,2773,2649
102890,Quinn Cook,LOS ANGELES LAKERS,2021-01-21,AWAY,MILWAUKEE BUCKS,7.68,0.98,0.21,0.18,0.17,0.54,0.01,0.15,0.15,11.83,9.73,17.47,0.5809420682187332,-7.739999999999998,1.3946408344749788,0.0,0,20,4.11,4.14,823,777
102891,Talen Horton-Tucker,LOS ANGELES LAKERS,2021-01-21,AWAY,MILWAUKEE BUCKS,6.48,0.52,0.15,0.15,0.81,0.27,0.07,0.22,0.25,11.44,13.77,12.1,1.1274809160305344,1.67,0.0,0.0,0,8,3.64,3.59,727,673
102892,Shaquille Harrison,UTAH JAZZ,2021-01-21,AWAY,NEW ORLEANS PELICANS,9.46,1.99,0.23,0.58,1.24,1.29,0.13,0.49,0.61,24.25,18.89,29.17,0.6592641697050049,-10.280000000000001,1.810784911528522,0.0,0,24,9.92,9.79,1985,1835
102893,Alfonzo McKinnie,LOS ANGELES LAKERS,2021-01-21,AWAY,MILWAUKEE BUCKS,5.1,0.27,0.13,0.12,0.47,0.07,0.02,0.06,0.15,2.08,2.05,2.07,0.993485342019544,-0.020000000000000018,0.0,0.0,0,11,1.81,1.89,362,355
102894,Udoka Azubuike,UTAH JAZZ,2021-01-21,AWAY,NEW ORLEANS PELICANS,5.83,0.29,0.06,0.21,0.58,0.08,0.05,0.0,0.18,2.96,3.2,1.6,1.6153846153846154,1.6,0.0,0.0,0,,1.76,1.85,351,348
102895,Zion Williamson,NEW ORLEANS PELICANS,2021-01-21,AWAY,UTAH JAZZ,33.28,6.19,0.29,3.11,4.77,1.65,0.65,0.5,1.71,32.11,35.18,26.2,1.3301470588235293,8.98,0.0,1.068892649963663,0,14,26.3,27.89,5260,5229
102896,Jordan Clarkson,UTAH JAZZ,2021-01-21,AWAY,NEW ORLEANS PELICANS,26.6,3.08,1.53,1.56,2.46,1.82,0.26,0.57,1.08,22.01,22.77,24.67,0.925983638488508,-1.9000000000000021,0.0,0.0,0,21,19.4,21.5,3880,4031
102897,Rudy Gobert,UTAH JAZZ,2021-01-21,AWAY,NEW ORLEANS PELICANS,28.83,2.11,0.07,2.55,7.85,1.68,0.72,0.41,1.39,27.64,31.12,30.1,1.0327974276527332,1.0199999999999996,0.0,0.0,0,18,20.92,20.91,4184,3921
102898,Eric Bledsoe,NEW ORLEANS PELICANS,2021-01-21,AWAY,UTAH JAZZ,28.91,4.5,1.22,2.63,2.2,4.43,0.2,1.21,2.71,34.92,36.61,30.63,1.1890610180208663,5.98,0.0,0.0,0,8,26.09,28.26,5219,5299
102899,Steven Adams,NEW ORLEANS PELICANS,2021-01-21,AWAY,UTAH JAZZ,29.03,1.96,0.17,1.19,7.0,0.66,0.62,0.31,1.26,26.82,25.61,30.97,0.8323428213950579,-5.359999999999999,0.0,0.0,0,24,16.54,16.68,3308,3127
102900,J.J. Redick,NEW ORLEANS PELICANS,2021-01-21,AWAY,UTAH JAZZ,18.59,1.55,0.82,1.42,1.48,1.3,0.07,0.46,0.98,12.1,15.03,13.4,1.1131944444444446,1.629999999999999,0.0,0.0,0,13,11.32,11.76,2263,2205
102901,Mike Conley,UTAH JAZZ,2021-01-21,AWAY,NEW ORLEANS PELICANS,29.21,5.52,1.91,2.81,3.02,4.81,0.03,1.37,1.97,41.01,38.33,48.37,0.7966376341908041,-10.04,0.6644841451177907,0.0,0,24,32.65,34.84,6530,6532
102902,Nickeil Alexander-Walker,NEW ORLEANS PELICANS,2021-01-21,AWAY,UTAH JAZZ,22.72,0.76,0.36,0.03,0.57,0.79,0.06,0.21,0.54,3.36,6.84,1.53,3.0988142292490113,5.31,0.0,0.0,0,13,4.77,4.98,954,933
102903,Donovan Mitchell,UTAH JAZZ,2021-01-21,AWAY,NEW ORLEANS PELICANS,37.88,5.73,1.65,2.83,5.02,2.59,0.91,1.3,1.5,41.4,41.73,38.8,1.0736180904522612,2.9299999999999997,0.0,0.0,0,21,34.28,35.39,6856,6637
102904,Jaxson Hayes,NEW ORLEANS PELICANS,2021-01-21,AWAY,UTAH JAZZ,15.21,0.75,0.15,0.49,1.46,0.65,0.01,0.13,0.35,7.24,8.22,7.37,1.101553166069295,0.8500000000000005,0.0,0.0,0,24,5.24,5.42,1047,1016
102905,Brandon Ingram,NEW ORLEANS PELICANS,2021-01-21,AWAY,UTAH JAZZ,31.04,4.5,0.43,1.88,4.25,1.96,0.34,0.98,1.77,25.33,25.26,28.13,0.9014761414349469,-2.8699999999999974,0.0,0.0,0,14,22.4,23.89,4480,4480
102906,Bojan Bogdanović,UTAH JAZZ,2021-01-21,AWAY,NEW ORLEANS PELICANS,32.33,1.87,1.47,2.02,3.15,1.35,0.11,0.68,0.78,17.89,15.87,20.3,0.7920187793427229,-4.4300000000000015,0.0,0.0,0,24,17.56,19.56,3513,3667
102907,Royce O'Neale,UTAH JAZZ,2021-01-21,AWAY,NEW ORLEANS PELICANS,24.73,1.0,0.38,0.6,3.24,1.71,0.29,0.62,0.86,15.44,16.13,14.07,1.1366954213669542,2.0599999999999987,0.0,0.0,0,18,12.06,11.94,2413,2238
102908,Georges Niang,UTAH JAZZ,2021-01-21,AWAY,NEW ORLEANS PELICANS,10.34,0.68,0.13,0.18,0.83,0.33,0.14,0.14,0.19,2.57,1.98,2.53,0.8441926345609065,-0.5499999999999998,0.0,0.0,0,18,4.07,3.99,814,749
102909,Josh Hart,NEW ORLEANS PELICANS,2021-01-21,AWAY,UTAH JAZZ,27.19,2.43,1.73,2.67,5.51,1.76,0.24,0.78,1.37,32.53,28.9,39.73,0.734102627056224,-10.829999999999998,1.4451032600332225,0.0,0,7,23.66,25.97,4732,4869
102910,Derrick Favors,UTAH JAZZ,2021-01-21,AWAY,NEW ORLEANS PELICANS,18.83,2.75,0.0,1.84,5.49,1.45,0.52,0.5,0.79,24.48,22.46,23.83,0.9448248086991543,-1.3699999999999974,0.0,0.0,0,18,18.37,18.02,3675,3379
102911,Kira Lewis,NEW ORLEANS PELICANS,2021-01-21,AWAY,UTAH JAZZ,14.21,1.18,0.22,0.47,0.61,1.24,0.04,0.33,0.15,7.96,8.56,7.13,1.1758917589175895,1.4300000000000006,0.0,0.0,0,,7.04,6.89,1408,1291
102912,Miye Oni,UTAH JAZZ,2021-01-21,AWAY,NEW ORLEANS PELICANS,7.74,0.3,0.09,0.12,0.67,0.2,0.08,0.07,0.15,2.69,5.64,0.8,3.6888888888888887,4.84,0.0,0.0,0,21,2.39,2.4,479,450
102913,Ignas Brazdeikis,NEW YORK KNICKS,2021-01-21,AWAY,GOLDEN STATE WARRIORS,5.81,0.3,0.05,0.18,0.29,0.25,0.05,0.03,0.05,3.53,3.12,2.9,1.0564102564102564,0.2200000000000002,0.0,0.0,0,29,1.84,1.83,369,343
102914,Dennis Smith,NEW YORK KNICKS,2021-01-21,AWAY,GOLDEN STATE WARRIORS,8.78,1.94,0.58,0.32,0.77,1.97,0.12,0.49,0.8,33.65,32.63,40.9,0.8026252983293557,-8.269999999999996,0.3611537059763535,0.0,0,29,10.85,10.97,2170,2056
102915,Theo Pinson,NEW YORK KNICKS,2021-01-21,AWAY,GOLDEN STATE WARRIORS,4.86,0.1,0.07,0.08,0.27,0.2,0.01,0.07,0.08,6.66,6.05,7.37,0.8422939068100357,-1.3200000000000003,0.0,0.0,0,27.5,1.27,1.28,255,240
102916,Giannis Antetokounmpo,MILWAUKEE BUCKS,2021-01-21,AWAY,LOS ANGELES LAKERS,39.47,6.51,0.39,3.33,8.1,4.28,0.96,1.32,2.5,49.63,46.8,51.4,0.9122137404580153,-4.600000000000001,0.0,0.0,0,10,38.0,39.07,7600,7326
102917,Anthony Davis,LOS ANGELES LAKERS,2021-01-21,AWAY,MILWAUKEE BUCKS,37.01,8.17,0.72,4.67,11.16,3.38,1.54,1.75,1.5,55.42,53.26,50.47,1.0542063337866718,2.789999999999999,0.0,0.0,0,12,50.0,49.88,10000,9352
102918,Khris Middleton,MILWAUKEE BUCKS,2021-01-21,AWAY,LOS ANGELES LAKERS,29.3,3.61,0.77,1.49,3.36,3.62,0.09,1.55,1.7,31.91,28.86,31.87,0.9084271372071796,-3.0100000000000016,0.0,0.0,0,8,23.7,24.96,4740,4681
102919,Jrue Holiday,MILWAUKEE BUCKS,2021-01-21,AWAY,LOS ANGELES LAKERS,31.18,3.52,0.81,0.81,1.69,4.25,0.15,0.91,1.08,28.29,31.23,24.53,1.2624363493928712,6.699999999999999,0.0,0.05771298867657823,0,10,20.78,22.25,4157,4172
102920,Dennis Schröder,LOS ANGELES LAKERS,2021-01-21,AWAY,MILWAUKEE BUCKS,33.41,5.7,2.04,3.2,1.98,4.98,0.0,1.16,1.85,38.62,36.33,39.0,0.9332499999999999,-2.6700000000000017,0.0,0.0,0,20,32.2,34.58,6439,6484
102921,Eric Paschall,GOLDEN STATE WARRIORS,2021-01-21,AWAY,NEW YORK KNICKS,21.66,4.92,0.71,3.08,2.61,3.73,0.04,0.49,1.04,30.87,28.12,29.77,0.9463763405914852,-1.6499999999999986,0.0,0.0,0,25,24.33,26.3,4865,4932
102922,Kelly Oubre,GOLDEN STATE WARRIORS,2021-01-21,AWAY,NEW YORK KNICKS,34.62,1.81,1.13,0.88,2.67,1.1,0.34,0.9,0.94,15.83,17.37,18.0,0.966842105263158,-0.629999999999999,0.0,0.0,0,10,15.52,15.45,3105,2897
102923,Montrezl Harrell,LOS ANGELES LAKERS,2021-01-21,AWAY,MILWAUKEE BUCKS,24.12,2.01,0.4,1.45,4.21,1.33,0.44,0.27,0.52,16.6,15.93,14.27,1.108709888670596,1.6600000000000001,0.0,0.0,0,7,15.33,15.29,3065,2866
102924,RJ Barrett,NEW YORK KNICKS,2021-01-21,AWAY,GOLDEN STATE WARRIORS,36.26,4.7,1.19,2.85,3.66,2.63,0.46,0.92,1.94,31.38,28.42,32.77,0.8711874444773468,-4.350000000000001,0.0,0.0,0,26,26.36,28.23,5271,5292
102925,Stephen Curry,GOLDEN STATE WARRIORS,2021-01-21,AWAY,NEW YORK KNICKS,34.83,3.65,2.98,3.31,2.83,4.74,0.0,1.2,2.61,50.48,50.25,53.4,0.9420955882352942,-3.1499999999999986,0.0,0.0,0,25,31.05,34.28,6209,6428
102926,Julius Randle,NEW YORK KNICKS,2021-01-21,AWAY,GOLDEN STATE WARRIORS,33.24,3.69,0.78,2.7,6.42,1.35,0.48,0.46,1.29,27.42,26.58,25.23,1.0514677849790315,1.3499999999999979,0.0,0.0,0,22,23.68,25.6,4736,4799
102927,Andrew Wiggins,GOLDEN STATE WARRIORS,2021-01-21,AWAY,NEW YORK KNICKS,29.42,7.01,1.3,4.29,4.03,2.87,0.47,1.14,1.83,36.5,36.15,34.8,1.037709497206704,1.3500000000000014,0.0,0.0,0,7,34.35,36.01,6870,6751
102928,Brook Lopez,MILWAUKEE BUCKS,2021-01-21,AWAY,LOS ANGELES LAKERS,29.43,3.59,0.99,2.45,5.97,1.95,0.79,0.53,1.14,33.83,33.8,24.97,1.340007701193685,8.829999999999998,0.0,1.0842853485955473,0,4,25.51,27.05,5102,5072
102929,Elfrid Payton,NEW YORK KNICKS,2021-01-21,AWAY,GOLDEN STATE WARRIORS,31.18,5.07,0.55,1.16,2.62,5.6,0.2,0.92,1.58,36.91,37.67,31.5,1.189846153846154,6.170000000000002,0.0,0.0,0,29,26.27,27.85,5255,5222
102930,Kyle Kuzma,LOS ANGELES LAKERS,2021-01-21,AWAY,MILWAUKEE BUCKS,27.77,2.66,1.77,2.21,4.44,1.35,0.53,0.66,1.53,29.49,32.68,25.27,1.2820708031975638,7.41,0.0,0.3331746744690814,0,12,22.23,24.42,4447,4578
102931,LeBron James,LOS ANGELES LAKERS,2021-01-21,AWAY,MILWAUKEE BUCKS,37.19,7.53,0.93,4.66,7.68,6.03,0.9,1.35,2.82,64.83,63.59,69.7,0.9135785007072136,-6.109999999999999,0.0,0.0,0,20,44.7,46.21,8940,8664
102932,Pat Connaughton,MILWAUKEE BUCKS,2021-01-21,AWAY,LOS ANGELES LAKERS,16.58,1.05,1.04,0.33,1.15,1.51,0.14,0.38,0.38,12.42,9.71,7.13,1.3173431734317347,2.580000000000001,0.0,0.0,0,10,10.38,10.62,2075,1992
102933,Reggie Bullock,NEW YORK KNICKS,2021-01-21,AWAY,GOLDEN STATE WARRIORS,22.9,0.55,1.16,0.6,1.93,1.18,0.0,0.38,0.41,17.78,13.21,24.5,0.5572549019607843,-11.29,2.406922673867733,0.0,0,26,10.0,10.5,1999,1968
102934,Draymond Green,GOLDEN STATE WARRIORS,2021-01-21,AWAY,NEW YORK KNICKS,31.07,1.32,1.54,1.81,6.27,5.37,0.61,1.01,2.31,42.27,37.68,46.23,0.8189709930129155,-8.549999999999997,0.179707956580731,0.0,0,25,27.2,27.82,5440,5216
102935,Kevon Looney,GOLDEN STATE WARRIORS,2021-01-21,AWAY,NEW YORK KNICKS,13.61,0.44,0.15,0.0,0.71,0.46,0.1,0.06,0.2,4.28,3.48,3.1,1.0926829268292686,0.3799999999999999,0.0,0.0,0,3,3.15,3.2,630,600
102936,Mitchell Robinson,NEW YORK KNICKS,2021-01-21,AWAY,GOLDEN STATE WARRIORS,30.31,2.41,0.19,2.15,9.9,1.61,1.08,0.5,1.02,34.11,35.95,28.33,1.2598022502557111,7.6200000000000045,0.0,0.27159052669998474,0,6,25.56,25.07,5111,4702
102937,Immanuel Quickley,NEW YORK KNICKS,2021-01-21,AWAY,GOLDEN STATE WARRIORS,14.08,2.14,0.53,1.01,1.39,2.08,0.21,0.58,0.5,20.43,18.79,19.63,0.9592825981580223,-0.8399999999999999,0.0,0.0,0,,13.54,13.33,2708,2500
102938,Alex Caruso,LOS ANGELES LAKERS,2021-01-21,AWAY,MILWAUKEE BUCKS,16.97,1.15,0.6,0.68,2.0,1.24,0.0,0.38,1.15,16.82,15.73,22.5,0.7119148936170213,-6.77,0.4925468135939542,0.0,0,20,9.03,9.62,1806,1805
102939,Donte DiVincenzo,MILWAUKEE BUCKS,2021-01-21,AWAY,LOS ANGELES LAKERS,24.43,0.63,0.9,0.08,2.69,0.89,0.04,0.6,0.59,7.85,9.03,10.3,0.8876106194690264,-1.2700000000000014,0.0,0.0,0,10,9.93,10.17,1987,1907
102940,Bobby Portis,MILWAUKEE BUCKS,2021-01-21,AWAY,LOS ANGELES LAKERS,14.14,0.25,0.32,0.26,2.75,0.82,0.27,0.3,0.22,18.53,20.4,15.5,1.2969696969696969,4.899999999999999,0.0,0.0,0,4,7.74,7.58,1548,1421
102941,Brad Wanamaker,GOLDEN STATE WARRIORS,2021-01-21,AWAY,NEW YORK KNICKS,13.21,1.35,0.16,0.58,1.08,1.1,0.14,0.24,0.49,10.54,9.94,3.67,2.342612419700214,6.27,0.0,0.0,0,25,7.36,7.36,1471,1379
102942,Kent Bazemore,GOLDEN STATE WARRIORS,2021-01-21,AWAY,NEW YORK KNICKS,16.9,1.85,1.32,1.0,2.16,1.63,0.28,0.55,1.47,20.97,22.34,21.8,1.0236842105263158,0.5399999999999991,0.0,0.0,0,7,14.72,15.39,2943,2886
102943,Kentavious Caldwell-Pope,LOS ANGELES LAKERS,2021-01-21,AWAY,MILWAUKEE BUCKS,21.65,1.58,1.25,1.82,3.19,1.11,0.4,0.69,0.74,19.22,18.04,15.9,1.1266272189349114,2.139999999999999,0.0,0.0,0,8,16.75,16.82,3351,3153
102944,Damion Lee,GOLDEN STATE WARRIORS,2021-01-21,AWAY,NEW YORK KNICKS,19.03,2.44,0.94,1.15,3.72,1.8,0.41,1.02,0.46,23.77,23.7,20.97,1.1242603550295858,2.7300000000000004,0.0,0.0,0,7,19.84,19.3,3969,3619
102945,Nerlens Noel,NEW YORK KNICKS,2021-01-21,AWAY,GOLDEN STATE WARRIORS,14.89,1.87,0.29,0.64,3.65,0.96,0.56,0.45,0.76,19.77,22.68,17.2,1.3010989010989011,5.48,0.0,0.0,0,6,13.34,13.04,2668,2445
102946,Marc Gasol,LOS ANGELES LAKERS,2021-01-21,AWAY,MILWAUKEE BUCKS,20.76,4.57,1.16,2.24,3.95,3.73,0.4,0.95,1.85,33.14,35.48,31.63,1.1179895801409747,3.849999999999998,0.0,0.0,0,7,27.39,29.25,5479,5484
102947,Obi Toppin,NEW YORK KNICKS,2021-01-21,AWAY,GOLDEN STATE WARRIORS,12.96,0.42,0.47,0.31,1.51,1.06,0.29,0.3,0.2,12.62,11.92,15.93,0.7631423508564679,-4.01,0.0,0.0,0,,7.53,7.35,1506,1379
102948,Wesley Matthews,LOS ANGELES LAKERS,2021-01-21,AWAY,MILWAUKEE BUCKS,15.75,1.15,1.22,0.46,1.14,2.29,0.14,0.46,0.57,20.09,21.93,17.5,1.2394594594594595,4.43,0.0,0.0,0,8,12.45,12.8,2491,2401
102949,Kevin Knox,NEW YORK KNICKS,2021-01-21,AWAY,GOLDEN STATE WARRIORS,15.15,1.56,1.18,2.1,3.41,1.73,0.35,0.5,1.08,26.15,24.5,28.27,0.8711991800478306,-3.7699999999999996,0.0,0.0,0,29,16.92,17.37,3383,3256
102950,Jordan Poole,GOLDEN STATE WARRIORS,2021-01-21,AWAY,NEW YORK KNICKS,9.33,1.17,0.47,0.63,0.17,1.14,0.01,0.12,0.58,21.06,22.36,15.1,1.4509316770186333,7.26,0.0,0.8013540762145956,0,7,6.1,6.51,1221,1220
102951,Austin Rivers,NEW YORK KNICKS,2021-01-21,AWAY,GOLDEN STATE WARRIORS,17.94,1.42,0.95,0.61,2.18,1.18,0.3,0.53,0.58,13.64,15.28,12.53,1.2032520325203253,2.75,0.0,0.0,0,26,12.6,12.64,2519,2370
102952,Bryn Forbes,MILWAUKEE BUCKS,2021-01-21,AWAY,LOS ANGELES LAKERS,13.61,0.81,0.88,0.19,0.02,1.08,0.1,0.17,0.26,10.26,8.59,3.7,2.0404255319148934,4.89,0.0,0.0,0,10,6.64,6.95,1329,1302
102953,Markieff Morris,LOS ANGELES LAKERS,2021-01-21,AWAY,MILWAUKEE BUCKS,9.53,1.41,0.57,0.89,2.33,0.93,0.4,0.35,0.47,23.24,24.3,22.57,1.0733983877810778,1.7300000000000004,0.0,0.0,0,12,11.39,11.28,2278,2115
102954,James Wiseman,GOLDEN STATE WARRIORS,2021-01-21,AWAY,NEW YORK KNICKS,13.95,1.72,0.23,1.15,3.21,0.97,0.59,0.28,0.69,23.17,22.39,22.97,0.9758030871923238,-0.5799999999999983,0.0,0.0,0,,12.51,12.26,2501,2298
102955,D.J. Augustin,MILWAUKEE BUCKS,2021-01-21,AWAY,LOS ANGELES LAKERS,19.76,1.4,0.52,0.49,0.98,1.34,0.29,0.45,1.06,8.92,9.66,7.67,1.229527104959631,1.9900000000000002,0.0,0.0,0,11,9.2,9.3,1839,1743
