,Unnamed: 0,name,team,date,location,opponent,minutes,made_two_point_field_goals,made_three_point_field_goals,made_free_throws,rebounds,assists,blocks,steals,turnovers,recent_average,10_game_average,3_game_average,10_3_ratio,10_3_difference,hot,cold,fantasy_points,fantasy_points_8_9,projected_points,projected_points_draftkings,projected_value,projected_value_draftkings,team def vs pos,opponent def vs pos
0,4948,Damian Lillard,PORTLAND TRAIL BLAZERS,2020-07-31,AWAY,MEMPHIS GRIZZLIES,38.4,5.33,5.77,4.13,4.51,6.23,0.19,0.91,3.07,47.78,55.37,41.6,1.3232394366197182,13.769999999999996,0.0,1.833198062344712,0,45.59509403066363,47.09,52.13,9417,8688,21,22
1,4949,Bradley Beal,WASHINGTON WIZARDS,2020-07-31,AWAY,PHOENIX SUNS,36.37,7.28,3.17,6.92,4.3,4.6,1.08,1.41,3.02,52.81,50.14,56.8,0.8847750865051903,-6.6599999999999975,0.0,0.0,0,46.81245097024788,47.5,49.82,9500,8303,18,27
2,4950,Dorian Finney-Smith,DALLAS MAVERICKS,2020-07-31,AWAY,HOUSTON ROCKETS,24.8,1.45,1.74,1.62,5.01,2.05,0.7,1.05,0.75,18.96,19.52,19.0,1.026,0.5199999999999996,0.0,0.0,0,23.26268478042721,23.33,23.07,4665,3845,9,19
3,4951,Jalen Brunson,DALLAS MAVERICKS,2020-07-31,AWAY,HOUSTON ROCKETS,22.13,2.26,1.18,1.16,2.32,3.8,0.0,0.6,1.6,14.2,19.03,7.57,2.337222870478413,11.46,0.0,3.6836150731195225,0,17.672098139923147,17.9,18.81,3581,3135,9,4
4,4952,Jaylen Brown,BOSTON CELTICS,2020-07-31,AWAY,MILWAUKEE BUCKS,29.62,4.51,0.76,2.74,4.91,2.01,0.73,0.82,1.2,31.98,32.08,35.27,0.9120485249517506,-3.190000000000005,0.0,0.0,0,27.19528906702695,26.4,27.57,5279,4595,5,8
5,4953,DeMar DeRozan,SAN ANTONIO SPURS,2020-07-31,AWAY,SACRAMENTO KINGS,26.49,8.24,0.65,4.52,6.18,5.24,0.0,0.82,2.26,37.13,40.16,35.03,1.142381348875937,5.129999999999996,0.0,0.0,0,36.42918699933989,38.43,40.87,7685,6811,23,17
6,4954,Hassan Whiteside,PORTLAND TRAIL BLAZERS,2020-07-31,AWAY,MEMPHIS GRIZZLIES,32.78,8.06,0.56,3.18,18.26,1.6,2.87,0.69,1.99,46.83,44.3,49.13,0.9036505086774386,-4.8300000000000045,0.0,0.0,0,53.82235312992728,53.98,54.11,10796,9018,24,20
7,4955,Maxi Kleber,DALLAS MAVERICKS,2020-07-31,AWAY,HOUSTON ROCKETS,28.07,2.49,2.38,1.55,6.06,1.78,1.52,1.05,0.64,24.17,22.35,24.37,0.920378399684667,-2.02,0.0,0.0,0,30.638619877261128,30.68,31.43,6136,5237,22,11
8,4956,Nikola Vučević,ORLANDO MAGIC,2020-07-31,AWAY,BROOKLYN NETS,37.32,7.18,1.27,1.41,10.4,3.83,0.28,1.03,1.98,47.4,44.86,41.97,1.0672562252734463,2.890000000000001,0.0,0.0,0,40.5544746832488,39.76,42.09,7951,7015,7,26
9,4957,Jayson Tatum,BOSTON CELTICS,2020-07-31,AWAY,MILWAUKEE BUCKS,33.23,5.7,3.39,7.71,7.82,2.81,1.3,0.72,2.01,49.03,49.33,50.67,0.9740661892781112,-1.3400000000000034,0.0,0.0,0,45.50913274533797,46.93,49.5,9386,8250,1,12
10,4958,Jarrett Allen,BROOKLYN NETS,2020-07-31,AWAY,ORLANDO MAGIC,22.21,3.89,0.06,2.59,10.02,1.48,1.57,0.47,1.16,25.27,24.38,28.2,0.8691780821917808,-3.82,0.0,0.0,0,29.71038497935348,29.75,30.32,5951,5054,26,7
11,4959,Jakob Poeltl,SAN ANTONIO SPURS,2020-07-31,AWAY,SACRAMENTO KINGS,19.98,2.47,0.0,0.8,4.98,1.07,0.81,0.95,0.32,16.31,17.96,20.67,0.874942316566682,-2.7100000000000013,0.0,0.0,0,18.739862678228718,18.28,16.93,3656,2822,10,3
12,4960,Aaron Gordon,ORLANDO MAGIC,2020-07-31,AWAY,BROOKLYN NETS,35.25,5.19,3.99,2.74,9.24,4.15,0.77,0.61,1.83,48.0,44.77,53.73,0.8362872282112188,-8.959999999999994,0.0,0.0,0,42.220196789489215,44.71,48.21,8943,8034,15,5
13,4961,Buddy Hield,SACRAMENTO KINGS,2020-07-31,AWAY,SAN ANTONIO SPURS,26.88,0.41,3.4,1.89,2.25,1.63,0.21,0.65,1.11,28.06,30.28,26.73,1.1280201947349442,3.5500000000000007,0.0,0.0,0,18.096901460175047,19.52,22.53,3905,3755,23,25
14,4962,Harry Giles,SACRAMENTO KINGS,2020-07-31,AWAY,SAN ANTONIO SPURS,22.53,5.28,0.0,2.8,7.63,1.9,0.38,0.31,1.71,26.62,22.49,30.63,0.7426493834966803,-8.14,0.8366032630243845,0.0,0,23.131691696959308,25.73,27.77,5145,4629,10,24
15,4963,Joe Harris,BROOKLYN NETS,2020-07-31,AWAY,ORLANDO MAGIC,26.5,2.83,1.77,0.9,5.27,2.42,0.57,0.57,1.42,22.51,24.05,20.9,1.1438356164383563,3.1500000000000017,0.0,0.0,0,23.287388500829195,23.82,26.04,4765,4340,18,11
16,4964,Thomas Bryant,WASHINGTON WIZARDS,2020-07-31,AWAY,PHOENIX SUNS,24.06,4.79,0.79,1.59,8.01,1.58,0.95,0.76,0.96,22.94,23.54,16.77,1.3809791783905458,6.77,0.0,0.2656286591120236,0,30.339919269560514,29.69,30.76,5938,5126,18,12
17,4965,Brad Wanamaker,BOSTON CELTICS,2020-07-31,AWAY,MILWAUKEE BUCKS,19.44,1.81,0.56,1.57,1.43,2.11,0.0,0.51,0.71,17.37,19.23,17.93,1.0686740623349182,1.3000000000000007,0.0,0.0,0,11.304000514098165,12.57,12.77,2514,2128,8,18
18,4966,DeAndre Jordan,BROOKLYN NETS,2020-07-31,AWAY,ORLANDO MAGIC,23.53,4.75,0.28,0.95,11.89,1.26,1.13,0.36,0.91,27.69,27.43,26.13,1.047917434574272,1.3000000000000007,0.0,0.0,0,31.43022621963303,31.01,32.21,6202,5368,26,7
19,4967,Marcus Smart,BOSTON CELTICS,2020-07-31,AWAY,MILWAUKEE BUCKS,29.46,1.52,1.63,1.72,3.17,3.06,0.57,0.86,1.59,34.21,32.3,36.23,0.8944399677679291,-3.93,0.0,0.0,0,21.98307316109964,20.74,21.08,4149,3514,17,13
20,4968,De'Aaron Fox,SACRAMENTO KINGS,2020-07-31,AWAY,SAN ANTONIO SPURS,27.47,5.76,0.08,5.51,3.8,4.6,0.58,0.39,3.25,35.66,35.52,37.67,0.9444013447116628,-2.1499999999999986,0.0,0.0,0,30.17276285275517,28.39,30.77,5678,5129,24,16
21,4969,Seth Curry,DALLAS MAVERICKS,2020-07-31,AWAY,HOUSTON ROCKETS,27.15,1.55,3.86,1.49,3.31,2.49,0.0,0.88,0.79,29.25,29.3,28.13,1.0401647785787849,1.1700000000000017,0.0,0.0,0,23.484452781602613,25.73,28.84,5145,4806,6,20
22,4970,Dāvis Bertāns,WASHINGTON WIZARDS,2020-07-31,AWAY,PHOENIX SUNS,27.83,1.65,2.87,2.84,5.89,2.18,0.89,1.03,1.28,23.49,26.18,22.3,1.1665236051502146,3.879999999999999,0.0,0.0,0,30.59470154458253,29.57,31.52,5914,5253,11,16
23,4971,Spencer Dinwiddie,BROOKLYN NETS,2020-07-31,AWAY,ORLANDO MAGIC,31.47,4.4,3.73,6.25,5.31,6.95,0.4,0.45,3.65,36.94,34.8,34.87,0.9980485085029271,-0.07000000000000027,0.0,0.0,0,41.1058255905225,41.94,46.54,8387,7757,10,21
24,4972,Isaac Bonga,WASHINGTON WIZARDS,2020-07-31,AWAY,PHOENIX SUNS,20.33,1.9,1.04,0.0,5.51,0.94,0.59,0.56,0.71,12.45,11.9,11.1,1.0661157024793388,0.8000000000000007,0.0,0.0,0,17.44814800968618,17.68,17.68,3536,2947,27,15
25,4973,Garrett Temple,BROOKLYN NETS,2020-07-31,AWAY,ORLANDO MAGIC,28.46,1.21,2.82,0.38,4.07,2.34,0.78,0.91,1.05,25.61,22.75,27.93,0.8209471137227792,-5.18,0.0,0.0,0,23.15654491095069,23.67,25.62,4735,4270,10,21
26,4974,Semi Ojeleye,BOSTON CELTICS,2020-07-31,AWAY,MILWAUKEE BUCKS,16.63,0.32,0.09,0.59,0.74,1.0,0.0,0.37,0.35,3.76,6.11,2.7,1.921621621621621,3.41,0.0,0.0,0,4.604596705801697,4.65,4.54,930,756,1,12
27,4975,Dejounte Murray,SAN ANTONIO SPURS,2020-07-31,AWAY,SACRAMENTO KINGS,25.59,4.99,0.97,0.85,6.37,3.31,0.0,0.8,0.98,31.46,30.15,28.37,1.0606060606060606,1.7799999999999976,0.0,0.0,0,26.983674303984657,27.77,29.76,5554,4960,16,24
28,4976,Delon Wright,DALLAS MAVERICKS,2020-07-31,AWAY,HOUSTON ROCKETS,21.96,2.02,0.99,0.95,3.13,3.02,0.0,0.83,1.09,15.77,16.75,15.07,1.104542626011201,1.6799999999999995,0.0,0.0,0,17.175229187290483,17.65,18.01,3529,3002,6,20
29,4977,Carmelo Anthony,PORTLAND TRAIL BLAZERS,2020-07-31,AWAY,MEMPHIS GRIZZLIES,26.43,4.54,1.02,2.53,6.11,1.67,0.67,0.76,0.87,26.03,23.81,27.7,0.8644599303135888,-3.890000000000001,0.0,0.0,0,27.800212436485108,27.93,29.25,5585,4874,29,22
30,4978,Trey Lyles,SAN ANTONIO SPURS,2020-07-31,AWAY,SACRAMENTO KINGS,22.42,1.94,1.63,0.82,6.19,1.11,0.43,0.82,0.42,19.29,19.26,15.8,1.2059523809523809,3.4600000000000013,0.0,0.0,0,21.501484465498237,22.01,22.1,4403,3683,24,10
31,4979,Patty Mills,SAN ANTONIO SPURS,2020-07-31,AWAY,SACRAMENTO KINGS,24.05,0.93,2.32,1.57,1.8,1.47,0.13,1.14,0.15,14.86,16.08,16.47,0.9776760160274756,-0.39000000000000057,0.0,0.0,0,18.571350715350466,18.41,19.97,3683,3328,16,24
32,4980,Willie Cauley-Stein,DALLAS MAVERICKS,2020-07-31,AWAY,HOUSTON ROCKETS,21.49,2.83,0.33,1.39,5.28,1.75,0.31,0.85,0.64,15.07,15.45,16.3,0.9508670520231212,-0.8500000000000014,0.0,0.0,0,19.941561642622247,19.84,19.43,3968,3238,22,11
33,4981,Justin Jackson,DALLAS MAVERICKS,2020-07-31,AWAY,HOUSTON ROCKETS,19.42,2.4,0.54,0.49,2.43,1.69,0.0,0.7,0.19,9.25,8.62,12.07,0.7360367253251721,-3.450000000000001,0.0,0.0,0,13.008861662504499,14.27,14.06,2854,2343,9,19
34,4982,Michael Carter-Williams,ORLANDO MAGIC,2020-07-31,AWAY,BROOKLYN NETS,21.54,2.11,0.45,1.42,4.53,1.95,0.26,0.56,0.86,18.36,20.85,15.6,1.3162650602409638,5.250000000000002,0.0,0.0,0,16.500718593095687,16.95,17.01,3390,2835,21,10
35,4983,Derrick White,SAN ANTONIO SPURS,2020-07-31,AWAY,SACRAMENTO KINGS,23.69,3.55,1.95,3.51,4.13,2.98,0.54,0.98,0.88,23.46,23.32,21.87,1.0634018364669873,1.4499999999999993,0.0,0.0,0,28.089914535721704,29.57,31.17,5913,5194,25,23
36,4984,Kent Bazemore,SACRAMENTO KINGS,2020-07-31,AWAY,SAN ANTONIO SPURS,21.43,3.13,0.0,4.04,5.17,1.14,0.71,0.47,1.27,26.26,24.86,23.6,1.0512195121951218,1.259999999999998,0.0,0.0,0,19.92782595999068,20.48,21.7,4097,3616,23,25
37,4985,Markelle Fultz,ORLANDO MAGIC,2020-07-31,AWAY,BROOKLYN NETS,27.32,3.27,0.68,1.36,2.29,5.37,0.0,0.86,2.76,29.75,29.14,25.6,1.1330827067669174,3.5399999999999987,0.0,0.0,0,19.878983346832825,20.56,21.54,4113,3589,14,20
38,4986,Lonnie Walker,SAN ANTONIO SPURS,2020-07-31,AWAY,SACRAMENTO KINGS,21.48,2.63,0.77,0.8,3.89,1.52,0.81,0.94,0.52,15.95,14.66,15.43,0.953134510042605,-0.7699999999999996,0.0,0.0,0,19.207284046959245,20.05,19.14,4010,3189,25,23
39,4987,LaMarcus Aldridge,SAN ANTONIO SPURS,2020-07-31,AWAY,SACRAMENTO KINGS,30.79,6.11,0.71,1.89,8.15,2.53,1.07,0.94,1.09,34.26,33.16,33.17,0.9997073456248168,-0.010000000000005116,0.0,0.0,0,36.637977688442135,34.76,35.55,6951,5925,10,3
40,4988,Ian Mahinmi,WASHINGTON WIZARDS,2020-07-31,AWAY,PHOENIX SUNS,19.72,3.7,0.0,0.68,5.62,0.55,0.91,0.69,0.37,16.69,16.14,16.53,0.977752424415288,-0.39000000000000057,0.0,0.0,0,18.95524469416313,20.08,18.95,4016,3157,18,12
41,4989,Ish Smith,WASHINGTON WIZARDS,2020-07-31,AWAY,PHOENIX SUNS,25.54,2.82,1.05,0.0,3.61,3.0,0.28,0.77,1.59,22.57,24.62,19.07,1.2765321375186849,5.550000000000002,0.0,0.0,0,18.850957559005508,19.18,19.63,3836,3272,30,19
42,4990,Cory Joseph,SACRAMENTO KINGS,2020-07-31,AWAY,SAN ANTONIO SPURS,21.44,0.87,1.37,0.61,1.71,2.1,0.0,0.64,1.28,18.83,15.7,22.0,0.726086956521739,-6.300000000000002,0.1973886355491328,0.0,0,10.55717246839373,12.3,13.07,2460,2179,24,16
43,4991,Ryan Broekhoff,DALLAS MAVERICKS,2020-07-31,AWAY,HOUSTON ROCKETS,23.14,0.43,2.01,0.0,4.18,1.81,0.0,0.76,0.53,13.74,13.33,11.97,1.1048573631457208,1.3599999999999994,0.0,0.0,0,16.418413830259258,16.37,17.09,3274,2848,12.5,16.0
44,4992,Nassir Little,PORTLAND TRAIL BLAZERS,2020-07-31,AWAY,MEMPHIS GRIZZLIES,18.85,1.53,0.37,0.57,2.79,0.81,0.18,0.64,0.3,7.35,8.99,2.6,2.775,6.3900000000000015,0.0,0.0,0,12.426449910053293,11.46,11.12,2293,1853,29,22
45,4993,Nemanja Bjelica,SACRAMENTO KINGS,2020-07-31,AWAY,SAN ANTONIO SPURS,26.12,1.04,2.08,0.15,6.47,1.34,0.04,0.33,1.21,26.19,26.77,25.03,1.0668459469842488,1.7399999999999984,0.0,0.0,0,18.546527155427896,18.14,19.74,3629,3290,10,24
46,4994,Gary Payton,WASHINGTON WIZARDS,2020-07-31,AWAY,PHOENIX SUNS,17.94,1.51,0.5,0.0,2.07,0.97,0.15,0.71,0.26,4.64,5.97,2.67,1.8991825613079016,3.3,0.0,0.0,0,10.451039831504431,10.78,10.4,2156,1734,30,19
47,4995,CJ McCollum,PORTLAND TRAIL BLAZERS,2020-07-31,AWAY,MEMPHIS GRIZZLIES,38.91,5.6,4.24,2.59,4.81,5.67,0.37,0.67,3.18,43.46,38.35,54.4,0.7102888086642599,-16.049999999999994,2.24301366186491,0.0,0,40.65755092861204,40.73,45.14,8145,7523,16,22
48,4996,Evan Fournier,ORLANDO MAGIC,2020-07-31,AWAY,BROOKLYN NETS,28.36,2.17,1.77,2.54,1.53,2.75,0.0,1.18,1.56,30.77,29.12,31.4,0.9296296296296296,-2.2799999999999976,0.0,0.0,0,21.814921416973252,20.13,22.19,4026,3699,21,10
49,4997,Anfernee Simons,PORTLAND TRAIL BLAZERS,2020-07-31,AWAY,MEMPHIS GRIZZLIES,22.17,2.47,0.88,0.95,2.3,1.86,0.09,0.73,0.75,14.91,15.03,10.6,1.3818965517241382,4.43,0.0,0.0,0,16.05077693940109,15.79,15.9,3158,2650,16,22
50,4998,Eric Mika,SACRAMENTO KINGS,2020-07-31,AWAY,SAN ANTONIO SPURS,17.92,1.79,0.0,2.11,6.41,0.0,0.13,0.0,0.06,14.4,14.4,14.4,1.0,0.0,0.0,0.0,0,10.171827176093386,13.71,13.93,2742,2322,NA,NA
51,4999,Daniel Theis,BOSTON CELTICS,2020-07-31,AWAY,MILWAUKEE BUCKS,24.4,3.91,1.34,2.31,7.89,0.96,0.52,0.54,0.17,28.44,25.56,26.0,0.9837037037037036,-0.4400000000000013,0.0,0.0,0,26.95571600385557,28.07,29.66,5614,4943,2,8
52,5000,Trevor Ariza,PORTLAND TRAIL BLAZERS,2020-07-31,AWAY,MEMPHIS GRIZZLIES,22.35,1.77,0.8,2.03,4.79,1.62,0.31,1.05,0.93,24.54,22.32,20.2,1.1,2.120000000000001,0.0,0.0,0,19.566879477954192,19.3,19.04,3860,3174,14,22
53,5001,Mohamed Bamba,ORLANDO MAGIC,2020-07-31,AWAY,BROOKLYN NETS,24.66,2.12,2.18,1.58,5.19,0.5,1.68,0.71,0.36,20.88,19.39,27.63,0.712190010478519,-8.239999999999998,1.0463573515931524,0.0,0,23.553788457960426,26.15,26.79,5230,4464,7,26
54,5002,Anthony Tolliver,SACRAMENTO KINGS,2020-07-31,AWAY,SAN ANTONIO SPURS,16.85,0.0,0.0,0.64,1.39,0.53,0.06,0.42,0.68,4.31,4.46,2.2,1.7062499999999998,2.26,0.0,0.0,0,3.264075310898789,3.86,3.79,773,632,10,24
55,5003,Grant Williams,BOSTON CELTICS,2020-07-31,AWAY,MILWAUKEE BUCKS,18.16,0.54,0.07,1.0,1.96,0.95,0.25,0.51,0.39,8.46,13.15,7.2,1.7256097560975612,5.95,0.0,0.0,0,8.689745034405291,7.96,7.53,1591,1254,1,12
56,5004,Bogdan Bogdanović,SACRAMENTO KINGS,2020-07-31,AWAY,SAN ANTONIO SPURS,27.48,0.92,2.08,1.52,3.31,2.21,0.02,0.75,1.51,22.26,24.02,23.7,1.0129554655870443,0.3200000000000003,0.0,0.0,0,17.599366810661703,17.69,18.88,3537,3146,23,25
57,5005,Kyrie Irving,BROOKLYN NETS,2020-07-31,AWAY,ORLANDO MAGIC,32.15,4.68,2.6,3.96,4.87,4.09,0.84,0.89,2.43,43.4,43.48,41.27,1.0522829429855691,2.2099999999999937,0.0,0.0,0,35.01796746235277,35.86,38.39,7172,6398,20,14
58,5006,Chimezie Metu,SAN ANTONIO SPURS,2020-07-31,AWAY,SACRAMENTO KINGS,17.37,1.42,0.0,1.07,1.9,0.69,0.0,0.43,0.57,5.75,5.57,5.43,1.021772939346812,0.14000000000000054,0.0,0.0,0,8.194326514268736,7.95,7.89,1589,1316,24,10
59,5007,Isaiah Thomas,WASHINGTON WIZARDS,2020-07-31,AWAY,PHOENIX SUNS,26.66,3.31,2.81,0.27,3.58,2.81,0.2,0.7,1.15,19.01,17.23,19.6,0.8849514563106796,-2.370000000000001,0.0,0.0,0,24.51049748721593,25.38,28.14,5076,4690,NA,NA
60,5008,Bryn Forbes,SAN ANTONIO SPURS,2020-07-31,AWAY,SACRAMENTO KINGS,22.38,0.29,2.64,1.1,1.97,1.4,0.0,1.03,0.32,17.73,17.62,16.3,1.0763005780346822,1.3200000000000005,0.0,0.0,0,16.295061347886275,16.83,17.38,3367,2897,25,23
61,5009,Troy Brown,WASHINGTON WIZARDS,2020-07-31,AWAY,PHOENIX SUNS,21.76,2.48,0.36,0.09,3.19,1.76,0.15,0.94,0.94,18.96,20.32,14.8,1.3493670886075948,5.52,0.0,0.0,0,14.867650609264105,14.93,14.65,2986,2441,18,27
62,5010,Caris LeVert,BROOKLYN NETS,2020-07-31,AWAY,ORLANDO MAGIC,31.46,4.68,1.18,1.09,3.66,3.36,0.81,1.17,1.55,39.75,39.89,41.27,0.9673527324343504,-1.3800000000000026,0.0,0.0,0,28.466296621106892,27.81,28.88,5562,4813,10,21
63,5011,Keldon Johnson,SAN ANTONIO SPURS,2020-07-31,AWAY,SACRAMENTO KINGS,18.23,2.15,0.0,0.38,1.79,0.66,0.0,0.43,0.31,6.57,5.92,6.43,0.9313593539703904,-0.5099999999999998,0.0,0.0,0,8.100168837108043,8.8,8.61,1760,1435,23,17
64,5012,Wilson Chandler,BROOKLYN NETS,2020-07-31,AWAY,ORLANDO MAGIC,22.56,0.96,0.41,0.63,4.9,1.37,0.75,0.66,0.86,12.82,13.59,10.5,1.2686956521739132,3.09,0.0,0.0,0,16.0480804867764,15.09,14.55,3017,2426,18,11
65,5013,Gary Trent,PORTLAND TRAIL BLAZERS,2020-07-31,AWAY,MEMPHIS GRIZZLIES,23.93,2.17,0.23,0.42,2.18,0.61,0.31,1.26,0.0,21.56,22.74,22.93,0.9920601755119096,-0.19000000000000128,0.0,0.0,0,14.721806680914627,13.69,12.34,2738,2057,16,22
66,5014,Marco Belinelli,SAN ANTONIO SPURS,2020-07-31,AWAY,SACRAMENTO KINGS,21.94,0.43,2.35,0.07,3.04,1.38,0.0,0.93,0.26,12.84,11.06,16.07,0.7065026362038664,-5.01,0.0,0.0,0,15.5251299893213,16.23,16.75,3246,2792,25,23
67,5015,Romeo Langford,BOSTON CELTICS,2020-07-31,AWAY,MILWAUKEE BUCKS,17.62,1.01,0.0,1.4,0.8,1.09,0.36,0.56,0.56,6.52,6.58,3.97,1.5251509054325951,2.61,0.0,0.0,0,8.873351274555063,8.21,7.61,1643,1269,17,13
68,5016,Tacko Fall,BOSTON CELTICS,2020-07-31,AWAY,MILWAUKEE BUCKS,15.46,0.48,0.0,0.56,1.27,0.95,0.02,0.58,0.24,3.29,3.6,3.6,1.0,0.0,0.0,0.0,0,6.905964184995213,6.03,5.61,1206,935,2,8
69,5017,Rudy Gay,SAN ANTONIO SPURS,2020-07-31,AWAY,SACRAMENTO KINGS,21.64,2.78,0.68,0.53,4.63,1.6,0.18,0.82,0.3,16.13,12.92,19.17,0.6901338621715418,-6.250000000000003,0.21894735253354494,0.0,0,18.445135313157238,18.79,18.51,3757,3084,24,10
70,5018,Terrence Ross,ORLANDO MAGIC,2020-07-31,AWAY,BROOKLYN NETS,30.93,2.57,2.4,1.66,3.34,1.96,0.0,0.9,0.67,32.32,29.78,35.77,0.8370954582540114,-5.990000000000002,0.0,0.0,0,23.640392361377078,22.98,25.28,4596,4213,21,10
71,5019,Caleb Swanigan,PORTLAND TRAIL BLAZERS,2020-07-31,AWAY,MEMPHIS GRIZZLIES,18.43,2.1,0.79,0.88,5.12,1.26,0.17,0.48,0.9,11.52,12.23,11.53,1.0558659217877095,0.7000000000000011,0.0,0.0,0,16.354707963617926,16.53,16.99,3307,2831,29,22
72,5020,Gordon Hayward,BOSTON CELTICS,2020-07-31,AWAY,MILWAUKEE BUCKS,28.73,4.37,0.86,2.85,6.83,3.82,0.07,0.39,2.31,31.82,34.34,21.7,1.5568281938325994,12.640000000000004,0.0,2.7393470242088127,0,28.291915795464288,27.17,30.13,5433,5022,5,8
73,5021,Gary Clark,ORLANDO MAGIC,2020-07-31,AWAY,BROOKLYN NETS,20.33,0.13,0.52,0.67,2.34,0.69,0.15,0.67,0.0,6.7,7.11,3.6,1.7630434782608695,3.51,0.0,0.0,0,9.839100525583689,8.79,8.35,1759,1392,15,5
74,5022,Khem Birch,ORLANDO MAGIC,2020-07-31,AWAY,BROOKLYN NETS,19.27,1.99,0.0,1.42,4.67,0.45,0.25,0.44,0.0,11.31,11.61,7.6,1.4662790697674417,4.01,0.0,0.0,0,13.420613865027887,13.75,13.29,2750,2215,7,26
75,5023,Yogi Ferrell,SACRAMENTO KINGS,2020-07-31,AWAY,SAN ANTONIO SPURS,18.1,0.0,0.0,0.65,1.08,0.96,0.18,0.42,1.05,5.29,5.16,5.27,0.9824561403508772,-0.10999999999999943,0.0,0.0,0,4.577591559669372,4.14,4.11,827,686,24,16
76,5024,Justin James,SACRAMENTO KINGS,2020-07-31,AWAY,SAN ANTONIO SPURS,15.05,0.15,0.18,0.86,0.45,0.53,0.0,0.34,0.42,2.59,2.64,2.83,0.9503916449086162,-0.18999999999999995,0.0,0.0,0,3.806743669007744,3.63,3.62,727,603,23,25
77,5025,Wenyen Gabriel,PORTLAND TRAIL BLAZERS,2020-07-31,AWAY,MEMPHIS GRIZZLIES,16.94,1.0,0.62,0.87,2.88,1.01,0.04,0.45,0.62,5.33,5.28,5.53,0.9617151607963248,-0.25,0.0,0.0,0,11.62046882560517,10.55,10.83,2110,1804,29,22
78,5026,Javonte Green,BOSTON CELTICS,2020-07-31,AWAY,MILWAUKEE BUCKS,16.99,0.88,0.0,1.06,1.81,1.33,0.01,0.58,0.65,10.1,11.36,7.3,1.489156626506024,4.06,0.0,0.0,0,7.493244560478673,8.11,7.93,1621,1322,5,8
79,5027,Wesley Iwundu,ORLANDO MAGIC,2020-07-31,AWAY,BROOKLYN NETS,20.27,1.61,0.0,1.48,2.34,1.46,0.0,0.54,0.18,12.28,12.14,15.17,0.8126159554730983,-3.03,0.0,0.0,0,10.212044113558193,11.14,10.8,2228,1801,11,18
80,5028,Antonius Cleveland,DALLAS MAVERICKS,2020-07-31,AWAY,HOUSTON ROCKETS,16.79,1.23,0.0,0.54,0.85,1.11,0.0,0.54,0.14,2.26,2.27,2.33,0.981981981981982,-0.06000000000000005,0.0,0.0,0,6.536019423784097,7.17,6.74,1433,1123,6,20
81,5029,Taurean Waller-Prince,BROOKLYN NETS,2020-07-31,AWAY,ORLANDO MAGIC,25.64,1.45,1.5,1.39,4.28,2.08,0.79,0.74,1.61,20.32,20.59,20.17,1.0198393953708076,0.41999999999999815,0.0,0.0,0,20.787716534603703,20.03,20.27,4005,3377,18,11
82,5030,Harrison Barnes,SACRAMENTO KINGS,2020-07-31,AWAY,SAN ANTONIO SPURS,25.28,2.19,2.71,3.09,3.27,2.53,0.09,0.6,1.84,26.78,27.62,22.6,1.2127118644067796,5.02,0.0,0.0,0,22.156855959982014,23.55,26.8,4710,4466,10,24
83,5031,Tim Hardaway,DALLAS MAVERICKS,2020-07-31,AWAY,HOUSTON ROCKETS,28.59,2.79,3.51,3.72,3.32,2.96,0.0,0.83,0.88,28.74,30.09,23.93,1.2470918572001604,6.16,0.0,0.0,0,29.17696065170389,29.86,32.89,5973,5482,6,20
84,5032,James Harden,HOUSTON ROCKETS,2020-07-31,AWAY,DALLAS MAVERICKS,34.59,3.95,5.55,9.62,7.23,5.81,1.47,1.12,3.57,53.87,56.99,53.03,1.07329261521377,3.9600000000000013,0.0,0.0,0,54.87038450126921,55.76,59.59,11152,9932,20,6
85,5033,Devin Booker,PHOENIX SUNS,2020-07-31,AWAY,WASHINGTON WIZARDS,30.92,5.59,1.51,5.92,5.21,6.46,0.4,0.44,4.02,36.84,37.55,35.67,1.0512680665394054,1.8799999999999957,0.0,0.0,0,36.94983124522355,36.07,39.76,7214,6626,27,18
86,5034,Giannis Antetokounmpo,MILWAUKEE BUCKS,2020-07-31,AWAY,BOSTON CELTICS,32.23,9.82,0.48,8.94,18.04,6.5,1.75,0.37,4.56,56.63,60.33,49.73,1.208949339641238,10.6,0.0,0.0,0,64.9746677695041,63.22,66.02,12644,11003,12,1
87,5035,Khris Middleton,MILWAUKEE BUCKS,2020-07-31,AWAY,BOSTON CELTICS,31.49,6.51,2.21,4.05,7.4,4.27,0.68,1.07,1.77,42.73,43.19,43.13,1.001359619306594,0.059999999999995175,0.0,0.0,0,40.71754838618662,42.46,44.58,8493,7429,8,5
88,5036,Ben McLemore,HOUSTON ROCKETS,2020-07-31,AWAY,DALLAS MAVERICKS,22.2,0.77,2.52,0.33,2.9,1.03,0.22,0.78,0.43,14.78,16.59,16.33,1.0150028851702249,0.2600000000000016,0.0,0.0,0,16.20523875949368,17.03,17.64,3405,2941,20,6
89,5037,Brook Lopez,MILWAUKEE BUCKS,2020-07-31,AWAY,BOSTON CELTICS,27.79,3.87,0.5,4.31,4.82,2.21,3.05,1.32,1.13,26.08,29.19,24.3,1.1932806324110672,4.8900000000000015,0.0,0.0,0,35.407605029881495,34.63,32.81,6926,5469,8,2
90,5038,Jevon Carter,PHOENIX SUNS,2020-07-31,AWAY,WASHINGTON WIZARDS,20.35,0.4,0.04,0.0,2.07,0.6,0.31,0.72,0.21,12.74,12.27,14.27,0.8690242305173543,-2.0,0.0,0.0,0,8.125462106317798,7.18,6.38,1437,1064,19,30
91,5039,Russell Westbrook,HOUSTON ROCKETS,2020-07-31,AWAY,DALLAS MAVERICKS,34.45,10.52,0.0,2.97,7.01,5.46,0.55,1.24,3.13,52.54,53.21,50.67,1.049158118831043,2.539999999999999,0.0,0.0,0,41.73805074213529,42.85,44.48,8570,7413,4,9
92,5040,Eric Bledsoe,MILWAUKEE BUCKS,2020-07-31,AWAY,BOSTON CELTICS,28.49,3.86,2.53,3.72,6.18,5.53,1.13,0.81,2.91,33.06,34.48,32.77,1.0506366597571808,1.7099999999999935,0.0,0.0,0,37.57442338099393,37.65,40.24,7530,6706,18,8
93,5041,Deandre Ayton,PHOENIX SUNS,2020-07-31,AWAY,WASHINGTON WIZARDS,32.54,7.79,0.0,1.55,14.16,1.64,2.43,0.85,2.03,42.83,44.93,38.97,1.1491118338754065,5.960000000000001,0.0,0.0,0,43.907431758951155,44.39,44.34,8878,7389,12,18
94,5042,Pat Connaughton,MILWAUKEE BUCKS,2020-07-31,AWAY,BOSTON CELTICS,21.79,1.29,1.83,0.0,3.09,1.77,0.71,0.85,0.17,13.58,12.95,12.73,1.016023306627822,0.21999999999999886,0.0,0.0,0,17.683353601979977,18.94,18.54,3789,3089,13,17
95,5043,Danuel House,HOUSTON ROCKETS,2020-07-31,AWAY,DALLAS MAVERICKS,22.68,2.0,1.21,0.49,4.54,1.49,0.63,0.94,0.49,18.81,24.07,15.57,1.5129752564876282,8.5,0.0,1.6295647206734096,0,20.157083912772638,20.02,19.53,4005,3255,13,16
96,5044,Donte DiVincenzo,MILWAUKEE BUCKS,2020-07-31,AWAY,BOSTON CELTICS,23.19,2.36,0.73,0.78,5.64,1.98,0.91,0.9,0.6,19.44,19.79,21.53,0.9227696404793608,-1.740000000000002,0.0,0.0,0,22.983937801746865,22.26,21.39,4452,3566,13,17
97,5045,Cheick Diallo,PHOENIX SUNS,2020-07-31,AWAY,WASHINGTON WIZARDS,19.49,2.27,0.0,1.45,4.91,1.22,0.69,0.62,1.29,12.43,14.22,9.27,1.4819863680623175,4.950000000000001,0.0,0.0,0,15.189415093026184,16.35,15.93,3270,2655,12,18
98,5046,Kelly Oubre,PHOENIX SUNS,2020-07-31,AWAY,WASHINGTON WIZARDS,29.92,4.61,0.39,1.95,5.28,1.33,1.17,0.91,0.67,29.55,31.02,28.47,1.0865286732270103,2.5500000000000007,0.0,0.0,0,27.763542326926398,26.24,26.46,5248,4409,15,27
99,5047,Eric Gordon,HOUSTON ROCKETS,2020-07-31,AWAY,DALLAS MAVERICKS,27.22,2.64,1.09,1.64,1.87,2.6,1.01,1.53,0.79,21.2,26.98,18.6,1.4275510204081632,8.379999999999999,0.0,1.3167758412999753,0,24.572125894231814,23.16,23.16,4633,3859,20,6
100,5048,Thabo Sefolosha,HOUSTON ROCKETS,2020-07-31,AWAY,DALLAS MAVERICKS,19.09,1.36,0.0,0.0,3.06,1.07,0.9,1.17,0.24,10.63,10.75,8.93,1.1832829808660623,1.8200000000000005,0.0,0.0,0,13.578874727340436,13.97,12.17,2793,2028,19,9
101,5049,Austin Rivers,HOUSTON ROCKETS,2020-07-31,AWAY,DALLAS MAVERICKS,22.5,1.97,1.8,0.68,2.28,1.52,0.39,0.96,0.44,17.75,16.84,20.5,0.8297674418604651,-3.66,0.0,0.0,0,17.512879009756546,18.65,20.03,3729,3338,20,6
102,5050,Kyle Korver,MILWAUKEE BUCKS,2020-07-31,AWAY,BOSTON CELTICS,23.87,1.47,1.16,0.0,3.12,2.2,1.05,1.1,0.55,11.58,13.63,10.97,1.2222222222222223,2.66,0.0,0.0,0,20.7533888078342,19.36,18.23,3873,3037,8,5
103,5051,Mikal Bridges,PHOENIX SUNS,2020-07-31,AWAY,WASHINGTON WIZARDS,24.56,1.59,0.9,1.43,4.18,1.27,1.07,1.08,0.79,26.12,26.36,25.0,1.0523076923076924,1.3599999999999994,0.0,0.0,0,19.16216358969604,19.89,18.79,3978,3132,15,27
104,5052,Robin Lopez,MILWAUKEE BUCKS,2020-07-31,AWAY,BOSTON CELTICS,21.66,1.72,1.07,0.24,0.81,1.63,1.38,1.14,0.41,11.05,10.08,13.73,0.7522063815342838,-3.65,0.0,0.0,0,16.583006599029513,17.46,15.72,3491,2619,8,2
105,5053,Jalen Lecque,PHOENIX SUNS,2020-07-31,AWAY,WASHINGTON WIZARDS,16.99,0.74,0.0,0.74,0.19,0.39,0.24,0.34,0.82,3.13,3.0,4.0,0.8,-1.0,0.0,0.0,0,3.4541290120708372,3.95,3.79,791,632,19,30
106,5054,Sterling Brown,MILWAUKEE BUCKS,2020-07-31,AWAY,BOSTON CELTICS,21.28,2.13,0.57,0.0,2.83,2.28,0.77,0.92,0.42,9.71,9.6,6.57,1.4002642007926025,3.03,0.0,0.0,0,17.586283639700866,17.44,16.38,3487,2730,8,5
107,5055,Ersan İlyasova,MILWAUKEE BUCKS,2020-07-31,AWAY,BOSTON CELTICS,18.96,2.26,0.19,0.08,3.23,1.65,0.8,0.9,0.08,9.81,9.29,7.2,1.2548780487804878,2.089999999999999,0.0,0.0,0,16.551592767327122,16.54,15.14,3308,2523,12,1
108,5056,Tariq Owens,PHOENIX SUNS,2020-07-31,AWAY,WASHINGTON WIZARDS,15.4,0.34,0.0,0.58,0.4,0.0,0.35,0.13,0.32,3.48,3.53,3.53,1.0,0.0,0.0,0.0,0,0.11346962029003295,2.86,2.56,572,427,16,11
109,5057,Elie Okobo,PHOENIX SUNS,2020-07-31,AWAY,WASHINGTON WIZARDS,18.09,1.24,0.0,0.88,2.43,1.85,0.13,0.37,1.57,4.92,7.0,4.17,1.5473887814313347,2.83,0.0,0.0,0,8.195146334453566,8.98,9.39,1796,1565,19,30
110,5058,Jared Harper,PHOENIX SUNS,2020-07-31,AWAY,WASHINGTON WIZARDS,15.15,0.32,0.0,0.32,0.0,0.0,0.19,0.1,0.64,1.08,1.0,1.0,1.0,0.0,0.0,0.0,0,-2.35288631483607,1.19,1.22,238,203,23.0,24.0
111,5059,Tyler Johnson,PHOENIX SUNS,2020-07-31,AWAY,WASHINGTON WIZARDS,18.89,0.93,0.47,0.53,0.99,1.06,0.56,0.76,0.76,8.27,7.94,10.23,0.7960819234194124,-2.29,0.0,0.0,0,9.37211802516947,9.78,9.12,1956,1520,23.0,24.0
112,5060,P.J. Tucker,HOUSTON ROCKETS,2020-07-31,AWAY,DALLAS MAVERICKS,23.84,1.13,2.19,0.0,4.85,1.15,0.89,0.84,0.53,17.58,18.98,17.03,1.1081530782029951,1.9499999999999995,0.0,0.0,0,20.103748078204607,21.04,20.91,4207,3484,19,9
113,5061,Wesley Matthews,MILWAUKEE BUCKS,2020-07-31,AWAY,BOSTON CELTICS,24.42,1.11,2.26,0.0,2.28,2.03,0.79,0.92,0.33,15.41,16.14,16.13,1.0005837711617047,0.010000000000001565,0.0,0.0,0,19.824772395663413,19.58,19.28,3916,3213,13,17
114,5062,Kristaps Porziņģis,DALLAS MAVERICKS,2020-07-31,AWAY,HOUSTON ROCKETS,35.27,4.02,4.92,5.94,11.26,2.73,1.8,1.06,1.38,47.07,48.79,43.93,1.108168261740485,4.8599999999999985,0.0,0.0,0,52.01115391178397,53.55,55.9,10709,9316,9,19
115,5063,Jonas Valančiūnas,MEMPHIS GRIZZLIES,2020-07-31,AWAY,PORTLAND TRAIL BLAZERS,25.98,6.54,0.39,0.45,14.37,0.73,1.86,0.22,0.59,32.13,34.09,30.97,1.0975914920237724,3.1200000000000045,0.0,0.0,0,38.289488905138775,38.69,39.32,7738,6553,20,24
116,5064,Tyus Jones,MEMPHIS GRIZZLIES,2020-07-31,AWAY,PORTLAND TRAIL BLAZERS,22.23,2.88,0.66,0.7,1.41,3.01,0.35,0.85,1.57,15.54,19.21,10.8,1.7127118644067796,8.41,0.0,2.0265097513641743,0,16.58092690884027,16.68,16.66,3335,2777,22,21
117,5065,Jaren Jackson,MEMPHIS GRIZZLIES,2020-07-31,AWAY,PORTLAND TRAIL BLAZERS,25.63,3.21,1.4,3.97,6.25,2.55,1.97,0.9,1.71,22.92,25.59,19.4,1.3034313725490196,6.190000000000001,0.0,0.0,0,33.3498685494105,32.81,33.31,6563,5552,20,24
118,5066,Dillon Brooks,MEMPHIS GRIZZLIES,2020-07-31,AWAY,PORTLAND TRAIL BLAZERS,28.44,5.11,0.69,0.15,2.23,2.55,1.14,0.86,1.35,21.46,21.2,26.17,0.8170776591829223,-4.9700000000000015,0.0,0.0,0,23.417942695760498,23.59,24.22,4718,4037,22,16
119,5067,Timothé Luwawu-Cabarrot,BROOKLYN NETS,2020-07-31,AWAY,ORLANDO MAGIC,20.91,1.79,0.92,0.9,3.07,1.23,0.71,0.61,0.58,11.35,11.82,8.97,1.2858575727181545,2.85,0.0,0.0,0,15.413274248383345,16.15,15.73,3230,2622,10,21
120,5068,Enes Kanter,BOSTON CELTICS,2020-07-31,AWAY,MILWAUKEE BUCKS,19.24,2.04,0.0,1.29,6.13,1.02,0.54,0.29,0.76,14.19,16.39,12.93,1.2483847810480977,3.4600000000000013,0.0,0.0,0,15.600868471476588,15.99,15.84,3197,2640,2,8
121,5069,Rui Hachimura,WASHINGTON WIZARDS,2020-07-31,AWAY,PHOENIX SUNS,23.15,5.08,0.07,1.75,6.5,1.31,0.68,0.72,0.76,26.35,26.23,24.33,1.0750098697197,1.900000000000002,0.0,0.0,0,25.277220644364604,25.32,26.17,5065,4361,11,16
122,5070,Ja Morant,MEMPHIS GRIZZLIES,2020-07-31,AWAY,PORTLAND TRAIL BLAZERS,27.24,6.15,1.05,3.78,3.96,5.89,0.67,0.68,3.59,29.36,28.57,27.57,1.0350017500875044,1.0,0.0,0.0,0,33.8087988172754,33.28,35.95,6655,5991,22,21
123,5071,Dewayne Dedmon,SACRAMENTO KINGS,2020-07-31,AWAY,SAN ANTONIO SPURS,27.29,2.54,1.06,1.21,10.21,1.51,2.16,1.09,1.61,25.42,26.16,17.53,1.4657312466270909,8.629999999999999,0.0,1.539841906357314,0,32.41349542680169,32.13,30.72,6425,5120,3,10
124,5072,Jae Crowder,MEMPHIS GRIZZLIES,2020-07-31,AWAY,PORTLAND TRAIL BLAZERS,26.06,0.12,1.25,2.0,5.92,1.46,0.27,0.88,0.58,28.35,28.57,25.73,1.106247661803217,2.84,0.0,0.0,0,20.583492547483047,18.15,18.22,3631,3036,22,14
125,5073,Moritz Wagner,WASHINGTON WIZARDS,2020-07-31,AWAY,PHOENIX SUNS,19.13,3.4,0.48,2.73,5.84,2.0,0.47,0.46,1.36,13.91,15.56,12.93,1.1888011486001435,2.630000000000001,0.0,0.0,0,22.618974348378455,22.41,24.19,4482,4032,18,12
126,5074,Rodions Kurucs,BROOKLYN NETS,2020-07-31,AWAY,ORLANDO MAGIC,19.48,1.39,0.3,0.0,2.8,1.85,0.21,0.71,0.7,8.77,9.27,6.27,1.4126547455295737,3.0,0.0,0.0,0,11.809010791760954,11.88,11.6,2375,1932,5,15
127,5075,Kyle Anderson,MEMPHIS GRIZZLIES,2020-07-31,AWAY,PORTLAND TRAIL BLAZERS,22.51,2.97,0.52,0.0,6.35,2.02,0.63,0.86,1.2,23.57,22.48,24.37,0.9255025620811984,-1.8900000000000008,0.0,0.0,0,20.23427417668674,21.42,21.11,4284,3518,22,29
128,5076,Ricky Rubio,PHOENIX SUNS,2020-07-31,AWAY,WASHINGTON WIZARDS,25.84,3.05,1.27,4.99,6.13,5.96,0.16,0.64,3.53,43.56,37.18,51.87,0.7221486665405712,-14.689999999999998,2.0229501043179905,0.0,0,30.711787605044087,30.07,33.47,6013,5579,19,30
129,5077,Brandon Clarke,MEMPHIS GRIZZLIES,2020-07-31,AWAY,PORTLAND TRAIL BLAZERS,23.86,3.9,0.71,0.0,6.85,1.04,1.36,0.92,0.59,23.58,25.17,21.97,1.1393121462777538,3.200000000000003,0.0,0.0,0,25.430599714526554,25.96,24.67,5192,4112,22,29
130,5078,Džanan Musa,BROOKLYN NETS,2020-07-31,AWAY,ORLANDO MAGIC,17.52,1.24,0.0,0.36,2.07,1.01,0.21,0.46,0.54,6.47,7.3,6.33,1.1323328785811733,0.9699999999999998,0.0,0.0,0,8.140387239854363,8.31,8.01,1662,1335,18,11
131,5079,Carsen Edwards,BOSTON CELTICS,2020-07-31,AWAY,MILWAUKEE BUCKS,17.07,0.61,0.34,0.14,0.0,1.27,0.0,0.57,0.43,2.58,3.53,1.07,2.1884057971014492,2.46,0.0,0.0,0,4.021342922542203,5.57,5.38,1113,897,17,13
132,5080,Chris Chiozza,BROOKLYN NETS,2020-07-31,AWAY,ORLANDO MAGIC,17.74,0.83,0.0,0.0,0.92,1.57,0.05,0.47,0.85,3.77,4.22,3.47,1.1677852348993287,0.7499999999999996,0.0,0.0,0,5.517738355140722,5.83,5.78,1166,963,20,14
133,5081,Josh Jackson,MEMPHIS GRIZZLIES,2020-07-31,AWAY,PORTLAND TRAIL BLAZERS,22.29,2.35,0.75,1.05,4.66,2.06,0.93,0.91,1.55,20.43,18.29,21.87,0.8434630520332312,-3.580000000000002,0.0,0.0,0,20.92953753894764,20.65,20.2,4130,3366,22,16
134,5082,Solomon Hill,MEMPHIS GRIZZLIES,2020-07-31,AWAY,PORTLAND TRAIL BLAZERS,19.92,1.39,0.0,0.22,3.15,2.39,0.0,0.6,0.89,8.16,10.15,5.93,1.6089466089466091,4.2200000000000015,0.0,0.0,0,12.880015744512294,11.27,11.28,2255,1880,22,14
135,5083,B.J. Johnson,ORLANDO MAGIC,2020-07-31,AWAY,BROOKLYN NETS,17.02,0.59,0.0,0.75,0.71,0.66,0.0,0.39,0.14,2.93,3.74,1.47,1.919028340080972,2.2700000000000005,0.0,0.0,0,3.3241988524048907,4.8,4.52,960,753,11,18
136,5084,J.J. Barea,DALLAS MAVERICKS,2020-07-31,AWAY,HOUSTON ROCKETS,23.73,1.67,2.22,0.9,2.4,4.0,0.0,0.54,1.96,16.02,16.53,13.77,1.186865267433988,2.7600000000000016,0.0,0.0,0,18.2100815724973,19.44,22.61,3888,3768,9,4
137,5085,Tremont Waters,BOSTON CELTICS,2020-07-31,AWAY,MILWAUKEE BUCKS,18.03,1.0,0.13,0.33,0.25,2.37,0.0,0.78,0.72,5.45,6.42,2.07,2.416938110749186,4.35,0.0,0.0,0,7.600330477342254,8.19,7.85,1639,1309,8,18
138,5086,De'Anthony Melton,MEMPHIS GRIZZLIES,2020-07-31,AWAY,PORTLAND TRAIL BLAZERS,22.04,2.59,1.14,2.17,4.24,3.05,0.68,0.59,1.98,19.22,19.49,16.93,1.142777467930842,2.5599999999999987,0.0,0.0,0,22.041701868929835,22.26,24.27,4453,4044,22,21
139,5087,Mario Hezonja,PORTLAND TRAIL BLAZERS,2020-07-31,AWAY,MEMPHIS GRIZZLIES,18.57,1.37,0.0,0.6,2.45,0.99,0.24,0.89,0.15,8.08,8.74,2.67,2.6539509536784744,6.07,0.0,0.0,0,11.754220496644736,11.01,10.07,2201,1679,29,22
140,5088,Isaiah Hartenstein,HOUSTON ROCKETS,2020-07-31,AWAY,DALLAS MAVERICKS,18.33,1.72,0.23,0.0,3.25,1.27,0.7,0.88,0.39,6.37,9.91,4.93,1.839797639123103,4.98,0.0,0.0,0,15.32588939442087,14.28,13.18,2857,2196,NA,NA
141,5089,Courtney Lee,DALLAS MAVERICKS,2020-07-31,AWAY,HOUSTON ROCKETS,19.69,0.44,0.91,0.0,1.85,1.66,0.0,1.02,0.3,10.61,9.24,11.67,0.8082083662194159,-2.43,0.0,0.0,0,10.673894974993429,11.08,10.76,2216,1793,6,20
142,5090,Vincent Poirier,BOSTON CELTICS,2020-07-31,AWAY,MILWAUKEE BUCKS,16.65,0.92,0.23,0.5,0.87,1.28,0.0,0.5,0.38,3.86,5.96,1.73,2.5494505494505493,4.23,0.0,0.0,0,7.121414386300131,7.11,6.96,1423,1160,2,8
143,5091,Theo Pinson,BROOKLYN NETS,2020-07-31,AWAY,ORLANDO MAGIC,18.12,0.64,0.0,0.0,1.21,1.57,0.06,0.61,0.71,6.21,7.28,7.67,0.9550173010380624,-0.3899999999999997,0.0,0.0,0,5.921067676511996,6.39,6.13,1277,1022,15.0,17.5
144,5092,Jeremiah Martin,BROOKLYN NETS,2020-07-31,AWAY,ORLANDO MAGIC,17.07,1.49,0.0,0.0,0.74,1.24,0.09,0.52,0.28,4.06,3.85,3.85,1.0,0.0,0.0,0.0,0,4.89825719160757,7.28,6.85,1456,1141,20,14
145,5093,Yuta Watanabe,MEMPHIS GRIZZLIES,2020-07-31,AWAY,PORTLAND TRAIL BLAZERS,16.29,1.79,0.19,0.0,1.23,1.4,0.33,0.58,0.52,3.92,3.67,3.27,1.0936768149882905,0.3999999999999999,0.0,0.0,0,10.466567487176519,9.94,9.44,1987,1574,22,16
146,5094,Amile Jefferson,ORLANDO MAGIC,2020-07-31,AWAY,BROOKLYN NETS,15.95,0.61,0.0,0.89,1.17,0.4,0.0,0.31,0.0,2.89,3.0,2.13,1.2779552715654952,0.8700000000000001,0.0,0.0,0,4.440546543719306,5.04,4.79,1009,799,NA,NA
147,5095,Boban Marjanović,DALLAS MAVERICKS,2020-07-31,AWAY,HOUSTON ROCKETS,18.26,1.72,0.32,0.1,1.63,1.57,0.0,0.64,0.22,5.26,7.77,4.53,1.5858951175406868,3.2399999999999998,0.0,0.0,0,10.719566499889396,10.51,10.22,2102,1704,22,11
148,5096,Robert Covington,HOUSTON ROCKETS,2020-07-31,AWAY,DALLAS MAVERICKS,34.39,1.94,3.73,2.18,8.5,1.43,3.09,1.44,1.14,33.23,33.36,33.0,1.0105882352941176,0.35999999999999943,0.0,0.0,0,40.49917177590231,42.04,41.88,8409,6979,19,9
149,5097,Shabazz Napier,WASHINGTON WIZARDS,2020-07-31,AWAY,PHOENIX SUNS,23.07,2.9,0.82,1.33,2.47,2.86,0.37,0.95,1.71,21.67,22.72,27.13,0.8432278706007821,-4.41,0.0,0.0,0,19.3314408006226,19.09,19.16,3819,3194,30,19
150,5098,Kemba Walker,BOSTON CELTICS,2020-07-31,AWAY,MILWAUKEE BUCKS,30.68,4.02,2.63,4.9,3.97,4.1,0.24,0.45,1.73,35.23,37.1,32.13,1.1500150920615757,4.969999999999999,0.0,0.0,0,32.648027689373244,32.08,35.27,6417,5879,8,18
151,5099,Marko Guduric,MEMPHIS GRIZZLIES,2020-07-31,AWAY,PORTLAND TRAIL BLAZERS,18.05,1.19,0.95,0.82,2.06,1.14,0.53,0.61,0.75,8.07,6.68,8.0,0.8533333333333333,-1.3200000000000005,0.0,0.0,0,11.858789600337927,12.9,12.72,2580,2119,22,16
152,5100,John Konchar,MEMPHIS GRIZZLIES,2020-07-31,AWAY,PORTLAND TRAIL BLAZERS,18.75,1.39,0.33,0.0,3.06,1.29,0.48,0.84,0.67,10.99,9.53,18.0,0.5542105263157895,-8.47,1.7523947457057782,0.0,0,11.768004519816653,12.67,12.0,2533,2000,22,16
153,5101,Chris Clemons,HOUSTON ROCKETS,2020-07-31,AWAY,DALLAS MAVERICKS,19.84,1.57,0.52,0.28,1.92,1.74,0.55,0.8,0.87,5.35,6.32,3.87,1.5030800821355237,2.45,0.0,0.0,0,13.334287239529916,13.07,12.51,2615,2086,20,6
154,5102,Garrison Mathews,WASHINGTON WIZARDS,2020-07-31,AWAY,PHOENIX SUNS,17.84,0.84,2.53,0.41,1.58,1.35,0.37,0.99,0.33,7.79,9.02,4.73,1.7486910994764395,4.289999999999999,0.0,0.0,0,16.28048612698987,17.35,17.5,3470,2917,18,27
155,5103,Anžejs Pasečņiks,WASHINGTON WIZARDS,2020-07-31,AWAY,PHOENIX SUNS,17.84,2.45,0.66,0.97,3.03,0.95,0.73,0.73,0.68,8.9,12.88,5.13,2.2642740619902124,7.750000000000001,0.0,2.3162313619225814,0,16.338980032849975,16.61,15.97,3322,2662,18,12
156,5104,Ty Jerome,PHOENIX SUNS,2020-07-31,AWAY,WASHINGTON WIZARDS,18.94,1.34,0.0,1.19,2.46,1.63,0.36,0.5,1.29,7.28,9.01,2.87,2.58656330749354,6.14,0.0,0.0,0,10.838792345097803,10.56,10.47,2111,1744,19,30
157,5105,Cameron Johnson,PHOENIX SUNS,2020-07-31,AWAY,WASHINGTON WIZARDS,22.26,0.15,1.27,0.0,2.22,0.52,0.35,0.71,0.3,15.96,16.0,14.7,1.0828025477707006,1.3000000000000007,0.0,0.0,0,11.051535508275151,10.43,10.27,2087,1712,16,11
158,5106,Michael Frazier,HOUSTON ROCKETS,2020-07-31,AWAY,DALLAS MAVERICKS,16.04,1.08,0.02,0.46,0.91,0.93,0.36,0.66,0.36,2.55,2.89,1.33,1.669527896995708,1.56,0.0,0.0,0,9.036203936397044,7.87,7.08,1573,1180,20,6
159,5107,William Howard,HOUSTON ROCKETS,2020-07-31,AWAY,DALLAS MAVERICKS,17.55,0.63,0.28,0.0,1.46,1.22,0.36,0.66,0.77,1.34,1.45,1.45,1.0,0.0,0.0,0.0,0,8.659185466888374,7.97,7.55,1594,1258,20,6
160,5108,Drew Eubanks,SAN ANTONIO SPURS,2020-07-31,AWAY,SACRAMENTO KINGS,15.28,0.91,0.43,0.85,0.74,0.82,0.0,0.54,0.3,2.08,2.07,2.07,1.0,0.0,0.0,0.0,0,7.362886535175562,7.4,7.26,1480,1210,24,10
161,5109,Melvin Frazier,ORLANDO MAGIC,2020-07-31,AWAY,BROOKLYN NETS,15.3,0.0,0.0,0.95,0.0,0.01,0.0,0.31,0.21,3.09,3.64,1.0,2.3200000000000003,2.64,0.0,0.0,0,0.019257237635116557,1.69,1.48,337,247,21,10
162,5110,DaQuan Jeffries,SACRAMENTO KINGS,2020-07-31,AWAY,SAN ANTONIO SPURS,15.6,0.0,0.42,0.1,0.0,0.38,0.0,0.5,0.37,2.46,2.0,2.67,0.8174386920980926,-0.6699999999999999,0.0,0.0,0,1.5816679167978691,3.06,2.96,612,492,23,25
163,5111,Vic Law,ORLANDO MAGIC,2020-07-31,AWAY,BROOKLYN NETS,14.66,0.0,0.0,1.18,0.0,0.0,0.0,0.03,0.33,0.0,0.0,0.0,1.0,0.0,0.0,0.0,0,-3.5279982255470084,0.94,1.07,188,179,11,18
164,5112,Quinndary Weatherspoon,SAN ANTONIO SPURS,2020-07-31,AWAY,SACRAMENTO KINGS,16.34,1.28,0.0,0.0,0.97,1.2,0.0,0.65,0.0,0.0,0.0,0.0,1.0,0.0,0.0,0.0,0,7.971406326032564,7.47,6.87,1495,1145,25,23
165,5113,Jerome Robinson,WASHINGTON WIZARDS,2020-07-31,AWAY,PHOENIX SUNS,22.46,2.43,0.82,0.34,4.58,1.37,0.66,0.69,0.96,14.8,11.55,16.73,0.7078398195149465,-5.18,0.0,0.0,0,17.924129635664997,18.3,18.07,3660,3012,18,27
166,5114,Tyson Chandler,HOUSTON ROCKETS,2020-07-31,AWAY,DALLAS MAVERICKS,15.57,0.89,0.06,0.0,1.21,0.41,0.24,0.38,0.27,1.16,1.25,0.87,1.2032085561497323,0.38,0.0,0.0,0,6.011807220814205,5.62,5.22,1123,870,11,22
167,5115,James Ennis,ORLANDO MAGIC,2020-07-31,AWAY,BROOKLYN NETS,22.0,2.39,0.6,1.41,3.5,1.5,0.04,0.65,0.35,14.45,11.06,20.5,0.5609302325581396,-9.44,2.0121258343949684,0.0,0,15.977898647166086,16.16,16.12,3232,2687,11,18
168,5116,Jaylen Hoard,PORTLAND TRAIL BLAZERS,2020-07-31,AWAY,MEMPHIS GRIZZLIES,17.71,2.44,0.31,0.22,3.32,0.82,0.0,0.61,0.18,10.0,9.0,12.27,0.7535795026375283,-3.27,0.0,0.0,0,12.943248644626749,12.89,12.7,2579,2116,14,22
169,5117,Moses Brown,PORTLAND TRAIL BLAZERS,2020-07-31,AWAY,MEMPHIS GRIZZLIES,15.87,1.54,0.35,0.72,1.53,1.24,0.0,0.38,0.75,3.06,3.1,3.1,1.0,0.0,0.0,0.0,0,10.300688122830335,8.94,9.18,1787,1530,24,20
170,5118,Luka Dončić,DALLAS MAVERICKS,2020-07-31,AWAY,HOUSTON ROCKETS,33.66,5.9,2.53,8.14,9.51,7.4,0.22,0.6,4.61,47.09,49.03,46.37,1.0561536837660968,2.660000000000004,0.0,0.0,0,49.303990229556796,47.89,52.62,9578,8769,9,4
171,5119,Marvin Williams,MILWAUKEE BUCKS,2020-07-31,AWAY,BOSTON CELTICS,21.28,1.02,0.53,0.0,3.81,1.26,0.84,1.11,0.19,15.83,13.54,16.83,0.8154795288839035,-3.2899999999999987,0.0,0.0,0,15.77397118942406,15.75,14.35,3150,2392,12,1
172,5120,Gorgui Dieng,MEMPHIS GRIZZLIES,2020-07-31,AWAY,PORTLAND TRAIL BLAZERS,22.74,2.82,0.42,1.3,6.53,1.13,1.58,1.05,1.0,21.71,18.62,26.1,0.7239852398523985,-7.48,0.7411336481037255,0.0,0,24.070595121034216,24.62,23.03,4924,3838,20,24
173,5121,Jonah Bolden,PHOENIX SUNS,2020-07-31,AWAY,WASHINGTON WIZARDS,17.9,0.8,0.0,0.6,2.11,0.1,0.56,0.44,0.33,5.9,5.96,9.2,0.6823529411764706,-3.2399999999999998,0.0,0.0,0,6.347077025737804,7.55,6.82,1510,1137,NA,NA
174,5122,Johnathan Williams,WASHINGTON WIZARDS,2020-07-31,AWAY,PHOENIX SUNS,19.53,2.57,0.31,0.0,4.98,1.85,0.58,1.05,0.25,6.55,8.81,2.13,3.1341853035143767,6.6800000000000015,0.0,1.227261548762615,0,19.83801329946832,19.46,18.36,3892,3060,18,12
175,5123,Jeff Green,HOUSTON ROCKETS,2020-07-31,AWAY,DALLAS MAVERICKS,21.89,1.56,2.24,0.88,4.16,2.37,0.25,0.86,1.18,18.73,18.32,17.17,1.0632911392405062,1.1499999999999986,0.0,0.0,0,20.210393072223862,21.42,23.73,4283,3954,19,9
176,5124,George Hill,MILWAUKEE BUCKS,2020-07-31,AWAY,BOSTON CELTICS,21.4,2.11,1.0,1.54,1.98,2.97,0.58,1.25,0.79,18.9,16.75,23.03,0.7386600083229297,-6.280000000000001,0.1646889993261037,0.0,0,19.560678181381206,20.29,19.45,4058,3242,18,8
177,5125,DeMarre Carroll,HOUSTON ROCKETS,2020-07-31,AWAY,DALLAS MAVERICKS,18.59,1.32,0.45,1.4,3.2,1.53,0.68,0.61,1.35,9.93,8.68,13.23,0.6802529866479269,-4.550000000000002,0.0,0.0,0,14.392174985243145,14.05,13.81,2809,2302,13,16
178,5126,Jabari Parker,SACRAMENTO KINGS,2020-07-31,AWAY,SAN ANTONIO SPURS,21.18,2.03,0.61,0.0,2.82,1.31,0.21,0.42,0.8,12.76,12.85,12.85,1.0,0.0,0.0,0.0,0,11.043340657158039,12.33,12.54,2466,2091,10,24
179,5127,D.J. Wilson,MILWAUKEE BUCKS,2020-07-31,AWAY,BOSTON CELTICS,18.8,2.51,0.0,0.31,2.56,1.77,0.95,0.8,0.14,7.35,5.34,8.47,0.6694825765575501,-3.1300000000000012,0.0,0.0,0,14.983359333624234,16.17,14.61,3233,2436,12,1
180,5128,Bruno Caboclo,HOUSTON ROCKETS,2020-07-31,AWAY,DALLAS MAVERICKS,17.29,1.52,0.72,0.0,1.72,1.44,0.7,0.92,0.38,5.04,4.7,6.27,0.7840440165061899,-1.5699999999999994,0.0,0.0,0,13.650491180180607,13.9,12.92,2781,2153,13,16
181,5129,Dario Šarić,PHOENIX SUNS,2020-07-31,AWAY,WASHINGTON WIZARDS,20.45,2.22,0.35,1.46,4.89,1.91,0.4,0.35,1.46,13.89,14.66,17.83,0.8316516197557092,-3.169999999999998,0.0,0.0,0,16.830142386637704,16.47,16.87,3295,2812,16,11
182,5130,Aron Baynes,PHOENIX SUNS,2020-07-31,AWAY,WASHINGTON WIZARDS,21.22,2.18,0.0,0.43,4.48,1.05,0.52,0.49,0.72,10.8,12.13,13.63,0.8974709501025291,-1.5,0.0,0.0,0,14.444099025865624,14.05,13.62,2810,2271,12,18
183,5131,Michael Kidd-Gilchrist,DALLAS MAVERICKS,2020-07-31,AWAY,HOUSTON ROCKETS,17.42,0.86,0.34,0.27,2.89,1.38,0.0,0.54,0.5,5.99,5.58,9.53,0.6248812915479582,-3.9499999999999993,0.0,0.0,0,9.95140000934191,9.67,9.69,1934,1615,16,13
184,5132,D.J. Augustin,ORLANDO MAGIC,2020-07-31,AWAY,BROOKLYN NETS,21.42,1.41,1.61,2.93,1.56,3.09,0.0,0.43,1.4,13.98,18.7,13.1,1.3971631205673758,5.6,0.0,0.0,0,15.843510393656286,16.98,19.63,3395,3272,14,20
185,5133,Alex Len,SACRAMENTO KINGS,2020-07-31,AWAY,SAN ANTONIO SPURS,21.76,2.3,0.59,0.8,8.11,0.64,1.32,0.49,1.18,19.31,19.7,20.47,0.9641360037261296,-0.7699999999999996,0.0,0.0,0,21.423184912145587,22.11,21.59,4422,3599,3,10
186,5134,Jordan Bell,MEMPHIS GRIZZLIES,2020-07-31,AWAY,PORTLAND TRAIL BLAZERS,16.58,1.2,0.82,0.18,1.76,0.85,0.49,0.51,0.7,6.19,5.54,7.6,0.7604651162790698,-2.06,0.0,0.0,0,10.58770129718448,10.73,10.57,2145,1762,22.0,21.5
187,5135,Dusty Hannahs,MEMPHIS GRIZZLIES,2020-07-31,AWAY,PORTLAND TRAIL BLAZERS,17.08,1.67,1.44,0.29,0.0,0.38,0.33,0.41,0.39,6.7,6.6,6.6,1.0,0.0,0.0,0.0,0,7.711055698463497,10.35,10.52,2070,1754,NA,NA
188,5136,Thanasis Antetokounmpo,MILWAUKEE BUCKS,2020-07-31,AWAY,BOSTON CELTICS,16.9,1.88,0.0,0.0,1.36,1.68,0.69,1.14,0.0,5.35,3.89,8.0,0.5433333333333334,-4.1099999999999985,0.0,0.0,0,12.988336876096751,13.4,11.64,2680,1940,8,5
189,5137,Nicolas Claxton,BROOKLYN NETS,2020-07-31,AWAY,ORLANDO MAGIC,19.98,2.81,0.04,0.85,4.37,1.18,0.71,0.47,0.56,12.47,13.15,8.47,1.4941921858500526,4.68,0.0,0.0,0,16.56519172982641,16.58,15.92,3317,2654,5,15
190,5138,Jarrod Uthoff,MEMPHIS GRIZZLIES,2020-07-31,AWAY,PORTLAND TRAIL BLAZERS,4.0,0.0,0.0,9.59,3.25,0.0,0.45,0.0,0.0,0.0,0.0,0.0,1.0,0.0,0.0,0.0,0,-153.94378136527368,14.84,14.55,2968,2425,NA,NA
191,5139,Robert Williams,BOSTON CELTICS,2020-07-31,AWAY,MILWAUKEE BUCKS,4.0,0.0,0.0,9.59,3.25,0.0,0.45,0.0,0.0,0.0,0.0,0.0,1.0,0.0,0.0,0.0,0,-153.94378136527368,14.84,14.55,2968,2425,2,8
192,5140,Frank Mason,MILWAUKEE BUCKS,2020-07-31,AWAY,BOSTON CELTICS,4.0,0.0,0.0,9.59,3.25,0.0,0.45,0.0,0.0,0.0,0.0,0.0,1.0,0.0,0.0,0.0,0,-153.94378136527368,14.84,14.55,2968,2425,18,8
193,5141,Luka Šamanić,SAN ANTONIO SPURS,2020-07-31,AWAY,SACRAMENTO KINGS,4.0,0.0,0.0,9.59,3.25,0.0,0.45,0.0,0.0,0.0,0.0,0.0,1.0,0.0,0.0,0.0,0,-153.94378136527368,14.84,14.55,2968,2425,24,10
194,5142,Richaun Holmes,SACRAMENTO KINGS,2020-07-31,AWAY,SAN ANTONIO SPURS,25.08,4.97,0.0,3.08,8.47,1.39,1.75,0.7,1.57,28.07,28.7,28.7,1.0,0.0,0.0,0.0,0,30.23242432429697,31.05,31.31,6210,5218,3,10
195,5143,Admiral Schofield,WASHINGTON WIZARDS,2020-07-31,AWAY,PHOENIX SUNS,18.31,1.48,1.19,0.0,2.13,1.03,0.23,0.89,0.44,6.09,6.47,2.4,2.197058823529412,4.07,0.0,0.0,0,12.720371549900564,13.55,13.35,2710,2225,27,15
